Workbook

Sheet Dashboard
A1: NIS2 GAP Analysis
A2: Assessment Dashboard
A3: Fully formula-based. Values update as soon as an assessment sheet or the action plan changes. Rows scoped as "Central at HQ" or "Not Applicable" are excluded from coverage and scoring.
A5: Reporting date | B5: =TODAY()
A6: Requirements per entity | B6: 174
A8: Assessment Coverage by Entity
A9: Entity | B9: In Scope | C9: Assessed | D9: Coverage | E9: Average Score | F9: Work Packages | G9: "No" Answers | H9: Not Tested
A10: =Lists!$F$6 | B10: =COUNTIF(INDIRECT("'"&Lists!$O$6&"'!$I$6:$I$179"),"In Scope") | C10: =COUNTIFS(INDIRECT("'"&Lists!$O$6&"'!$I$6:$I$179"),"In Scope",INDIRECT("'"&Lists!$O$6&"'!$J$6:$J$179"),"?*") | D10: =IFERROR($C10/$B10,"") | E10: =IFERROR(AVERAGE(INDIRECT("'"&Lists!$O$6&"'!$N$6:$N$179")),"") | F10: =COUNTIF(INDIRECT("'"&Lists!$O$6&"'!$O$6:$O$179"),"Yes") | G10: =COUNTIF(INDIRECT("'"&Lists!$O$6&"'!$J$6:$J$179"),"No")+COUNTIF(INDIRECT("'"&Lists!$O$6&"'!$K$6:$K$179"),"No") | H10: =COUNTIF(INDIRECT("'"&Lists!$O$6&"'!$L$6:$L$179"),"Not Tested")
A11: =Lists!$F$7 | B11: =COUNTIF(INDIRECT("'"&Lists!$O$7&"'!$I$6:$I$179"),"In Scope") | C11: =COUNTIFS(INDIRECT("'"&Lists!$O$7&"'!$I$6:$I$179"),"In Scope",INDIRECT("'"&Lists!$O$7&"'!$J$6:$J$179"),"?*") | D11: =IFERROR($C11/$B11,"") | E11: =IFERROR(AVERAGE(INDIRECT("'"&Lists!$O$7&"'!$N$6:$N$179")),"") | F11: =COUNTIF(INDIRECT("'"&Lists!$O$7&"'!$O$6:$O$179"),"Yes") | G11: =COUNTIF(INDIRECT("'"&Lists!$O$7&"'!$J$6:$J$179"),"No")+COUNTIF(INDIRECT("'"&Lists!$O$7&"'!$K$6:$K$179"),"No") | H11: =COUNTIF(INDIRECT("'"&Lists!$O$7&"'!$L$6:$L$179"),"Not Tested")
A12: =Lists!$F$8 | B12: =COUNTIF(INDIRECT("'"&Lists!$O$8&"'!$I$6:$I$179"),"In Scope") | C12: =COUNTIFS(INDIRECT("'"&Lists!$O$8&"'!$I$6:$I$179"),"In Scope",INDIRECT("'"&Lists!$O$8&"'!$J$6:$J$179"),"?*") | D12: =IFERROR($C12/$B12,"") | E12: =IFERROR(AVERAGE(INDIRECT("'"&Lists!$O$8&"'!$N$6:$N$179")),"") | F12: =COUNTIF(INDIRECT("'"&Lists!$O$8&"'!$O$6:$O$179"),"Yes") | G12: =COUNTIF(INDIRECT("'"&Lists!$O$8&"'!$J$6:$J$179"),"No")+COUNTIF(INDIRECT("'"&Lists!$O$8&"'!$K$6:$K$179"),"No") | H12: =COUNTIF(INDIRECT("'"&Lists!$O$8&"'!$L$6:$L$179"),"Not Tested")
A13: =Lists!$F$9 | B13: =COUNTIF(INDIRECT("'"&Lists!$O$9&"'!$I$6:$I$179"),"In Scope") | C13: =COUNTIFS(INDIRECT("'"&Lists!$O$9&"'!$I$6:$I$179"),"In Scope",INDIRECT("'"&Lists!$O$9&"'!$J$6:$J$179"),"?*") | D13: =IFERROR($C13/$B13,"") | E13: =IFERROR(AVERAGE(INDIRECT("'"&Lists!$O$9&"'!$N$6:$N$179")),"") | F13: =COUNTIF(INDIRECT("'"&Lists!$O$9&"'!$O$6:$O$179"),"Yes") | G13: =COUNTIF(INDIRECT("'"&Lists!$O$9&"'!$J$6:$J$179"),"No")+COUNTIF(INDIRECT("'"&Lists!$O$9&"'!$K$6:$K$179"),"No") | H13: =COUNTIF(INDIRECT("'"&Lists!$O$9&"'!$L$6:$L$179"),"Not Tested")
A14: All entities | B14: =SUM($B$10:$B$13) | C14: =SUM($C$10:$C$13) | D14: =IFERROR($C14/$B14,"") | E14: =IFERROR(AVERAGE($E$10:$E$13),"") | F14: =SUM($F$10:$F$13) | G14: =SUM($G$10:$G$13) | H14: =SUM($H$10:$H$13)
A16: Average Score by Chapter
A17: Chapter | B17: Target | C17: =Lists!$F$6 | D17: =Lists!$F$7 | E17: =Lists!$F$8 | F17: =Lists!$F$9 | G17: Group Average | H17: Gap to Target | I17: Work Packages
A18: 1 Policy on the security of network and information systems | B18: 0.75 | C18: =IFERROR(AVERAGEIFS(INDIRECT("'"&Lists!$O$6&"'!$N$6:$N$179"),INDIRECT("'"&Lists!$O$6&"'!$B$6:$B$179"),$A18),"") | D18: =IFERROR(AVERAGEIFS(INDIRECT("'"&Lists!$O$7&"'!$N$6:$N$179"),INDIRECT("'"&Lists!$O$7&"'!$B$6:$B$179"),$A18),"") | E18: =IFERROR(AVERAGEIFS(INDIRECT("'"&Lists!$O$8&"'!$N$6:$N$179"),INDIRECT("'"&Lists!$O$8&"'!$B$6:$B$179"),$A18),"") | F18: =IFERROR(AVERAGEIFS(INDIRECT("'"&Lists!$O$9&"'!$N$6:$N$179"),INDIRECT("'"&Lists!$O$9&"'!$B$6:$B$179"),$A18),"") | G18: =IFERROR(AVERAGE($C18:$F18),"") | H18: =IF($G18="","",MAX(0,$B18-$G18)) | I18: =COUNTIFS(INDIRECT("'"&Lists!$O$6&"'!$O$6:$O$179"),"Yes",INDIRECT("'"&Lists!$O$6&"'!$B$6:$B$179"),$A18)+COUNTIFS(INDIRECT("'"&Lists!$O$7&"'!$O$6:$O$179"),"Yes",INDIRECT("'"&Lists!$O$7&"'!$B$6:$B$179"),$A18)+COUNTIFS(INDIRECT("'"&Lists!$O$8&"'!$O$6:$O$179"),"Yes",INDIRECT("'"&Lists!$O$8&"'!$B$6:$B$179"),$A18)+COUNTIFS(INDIRECT("'"&Lists!$O$9&"'!$O$6:$O$179"),"Yes",INDIRECT("'"&Lists!$O$9&"'!$B$6:$B$179"),$A18)
A19: 2 Risk management policy | B19: 0.75 | C19: =IFERROR(AVERAGEIFS(INDIRECT("'"&Lists!$O$6&"'!$N$6:$N$179"),INDIRECT("'"&Lists!$O$6&"'!$B$6:$B$179"),$A19),"") | D19: =IFERROR(AVERAGEIFS(INDIRECT("'"&Lists!$O$7&"'!$N$6:$N$179"),INDIRECT("'"&Lists!$O$7&"'!$B$6:$B$179"),$A19),"") | E19: =IFERROR(AVERAGEIFS(INDIRECT("'"&Lists!$O$8&"'!$N$6:$N$179"),INDIRECT("'"&Lists!$O$8&"'!$B$6:$B$179"),$A19),"") | F19: =IFERROR(AVERAGEIFS(INDIRECT("'"&Lists!$O$9&"'!$N$6:$N$179"),INDIRECT("'"&Lists!$O$9&"'!$B$6:$B$179"),$A19),"") | G19: =IFERROR(AVERAGE($C19:$F19),"") | H19: =IF($G19="","",MAX(0,$B19-$G19)) | I19: =COUNTIFS(INDIRECT("'"&Lists!$O$6&"'!$O$6:$O$179"),"Yes",INDIRECT("'"&Lists!$O$6&"'!$B$6:$B$179"),$A19)+COUNTIFS(INDIRECT("'"&Lists!$O$7&"'!$O$6:$O$179"),"Yes",INDIRECT("'"&Lists!$O$7&"'!$B$6:$B$179"),$A19)+COUNTIFS(INDIRECT("'"&Lists!$O$8&"'!$O$6:$O$179"),"Yes",INDIRECT("'"&Lists!$O$8&"'!$B$6:$B$179"),$A19)+COUNTIFS(INDIRECT("'"&Lists!$O$9&"'!$O$6:$O$179"),"Yes",INDIRECT("'"&Lists!$O$9&"'!$B$6:$B$179"),$A19)
A20: 3 Incident handling | B20: 0.75 | C20: =IFERROR(AVERAGEIFS(INDIRECT("'"&Lists!$O$6&"'!$N$6:$N$179"),INDIRECT("'"&Lists!$O$6&"'!$B$6:$B$179"),$A20),"") | D20: =IFERROR(AVERAGEIFS(INDIRECT("'"&Lists!$O$7&"'!$N$6:$N$179"),INDIRECT("'"&Lists!$O$7&"'!$B$6:$B$179"),$A20),"") | E20: =IFERROR(AVERAGEIFS(INDIRECT("'"&Lists!$O$8&"'!$N$6:$N$179"),INDIRECT("'"&Lists!$O$8&"'!$B$6:$B$179"),$A20),"") | F20: =IFERROR(AVERAGEIFS(INDIRECT("'"&Lists!$O$9&"'!$N$6:$N$179"),INDIRECT("'"&Lists!$O$9&"'!$B$6:$B$179"),$A20),"") | G20: =IFERROR(AVERAGE($C20:$F20),"") | H20: =IF($G20="","",MAX(0,$B20-$G20)) | I20: =COUNTIFS(INDIRECT("'"&Lists!$O$6&"'!$O$6:$O$179"),"Yes",INDIRECT("'"&Lists!$O$6&"'!$B$6:$B$179"),$A20)+COUNTIFS(INDIRECT("'"&Lists!$O$7&"'!$O$6:$O$179"),"Yes",INDIRECT("'"&Lists!$O$7&"'!$B$6:$B$179"),$A20)+COUNTIFS(INDIRECT("'"&Lists!$O$8&"'!$O$6:$O$179"),"Yes",INDIRECT("'"&Lists!$O$8&"'!$B$6:$B$179"),$A20)+COUNTIFS(INDIRECT("'"&Lists!$O$9&"'!$O$6:$O$179"),"Yes",INDIRECT("'"&Lists!$O$9&"'!$B$6:$B$179"),$A20)
A21: 4 Business continuity and crisis management | B21: 0.75 | C21: =IFERROR(AVERAGEIFS(INDIRECT("'"&Lists!$O$6&"'!$N$6:$N$179"),INDIRECT("'"&Lists!$O$6&"'!$B$6:$B$179"),$A21),"") | D21: =IFERROR(AVERAGEIFS(INDIRECT("'"&Lists!$O$7&"'!$N$6:$N$179"),INDIRECT("'"&Lists!$O$7&"'!$B$6:$B$179"),$A21),"") | E21: =IFERROR(AVERAGEIFS(INDIRECT("'"&Lists!$O$8&"'!$N$6:$N$179"),INDIRECT("'"&Lists!$O$8&"'!$B$6:$B$179"),$A21),"") | F21: =IFERROR(AVERAGEIFS(INDIRECT("'"&Lists!$O$9&"'!$N$6:$N$179"),INDIRECT("'"&Lists!$O$9&"'!$B$6:$B$179"),$A21),"") | G21: =IFERROR(AVERAGE($C21:$F21),"") | H21: =IF($G21="","",MAX(0,$B21-$G21)) | I21: =COUNTIFS(INDIRECT("'"&Lists!$O$6&"'!$O$6:$O$179"),"Yes",INDIRECT("'"&Lists!$O$6&"'!$B$6:$B$179"),$A21)+COUNTIFS(INDIRECT("'"&Lists!$O$7&"'!$O$6:$O$179"),"Yes",INDIRECT("'"&Lists!$O$7&"'!$B$6:$B$179"),$A21)+COUNTIFS(INDIRECT("'"&Lists!$O$8&"'!$O$6:$O$179"),"Yes",INDIRECT("'"&Lists!$O$8&"'!$B$6:$B$179"),$A21)+COUNTIFS(INDIRECT("'"&Lists!$O$9&"'!$O$6:$O$179"),"Yes",INDIRECT("'"&Lists!$O$9&"'!$B$6:$B$179"),$A21)
A22: 5 Supply chain security | B22: 0.75 | C22: =IFERROR(AVERAGEIFS(INDIRECT("'"&Lists!$O$6&"'!$N$6:$N$179"),INDIRECT("'"&Lists!$O$6&"'!$B$6:$B$179"),$A22),"") | D22: =IFERROR(AVERAGEIFS(INDIRECT("'"&Lists!$O$7&"'!$N$6:$N$179"),INDIRECT("'"&Lists!$O$7&"'!$B$6:$B$179"),$A22),"") | E22: =IFERROR(AVERAGEIFS(INDIRECT("'"&Lists!$O$8&"'!$N$6:$N$179"),INDIRECT("'"&Lists!$O$8&"'!$B$6:$B$179"),$A22),"") | F22: =IFERROR(AVERAGEIFS(INDIRECT("'"&Lists!$O$9&"'!$N$6:$N$179"),INDIRECT("'"&Lists!$O$9&"'!$B$6:$B$179"),$A22),"") | G22: =IFERROR(AVERAGE($C22:$F22),"") | H22: =IF($G22="","",MAX(0,$B22-$G22)) | I22: =COUNTIFS(INDIRECT("'"&Lists!$O$6&"'!$O$6:$O$179"),"Yes",INDIRECT("'"&Lists!$O$6&"'!$B$6:$B$179"),$A22)+COUNTIFS(INDIRECT("'"&Lists!$O$7&"'!$O$6:$O$179"),"Yes",INDIRECT("'"&Lists!$O$7&"'!$B$6:$B$179"),$A22)+COUNTIFS(INDIRECT("'"&Lists!$O$8&"'!$O$6:$O$179"),"Yes",INDIRECT("'"&Lists!$O$8&"'!$B$6:$B$179"),$A22)+COUNTIFS(INDIRECT("'"&Lists!$O$9&"'!$O$6:$O$179"),"Yes",INDIRECT("'"&Lists!$O$9&"'!$B$6:$B$179"),$A22)
A23: 6 Security in network and information systems acquisition, development and maintenance | B23: 0.75 | C23: =IFERROR(AVERAGEIFS(INDIRECT("'"&Lists!$O$6&"'!$N$6:$N$179"),INDIRECT("'"&Lists!$O$6&"'!$B$6:$B$179"),$A23),"") | D23: =IFERROR(AVERAGEIFS(INDIRECT("'"&Lists!$O$7&"'!$N$6:$N$179"),INDIRECT("'"&Lists!$O$7&"'!$B$6:$B$179"),$A23),"") | E23: =IFERROR(AVERAGEIFS(INDIRECT("'"&Lists!$O$8&"'!$N$6:$N$179"),INDIRECT("'"&Lists!$O$8&"'!$B$6:$B$179"),$A23),"") | F23: =IFERROR(AVERAGEIFS(INDIRECT("'"&Lists!$O$9&"'!$N$6:$N$179"),INDIRECT("'"&Lists!$O$9&"'!$B$6:$B$179"),$A23),"") | G23: =IFERROR(AVERAGE($C23:$F23),"") | H23: =IF($G23="","",MAX(0,$B23-$G23)) | I23: =COUNTIFS(INDIRECT("'"&Lists!$O$6&"'!$O$6:$O$179"),"Yes",INDIRECT("'"&Lists!$O$6&"'!$B$6:$B$179"),$A23)+COUNTIFS(INDIRECT("'"&Lists!$O$7&"'!$O$6:$O$179"),"Yes",INDIRECT("'"&Lists!$O$7&"'!$B$6:$B$179"),$A23)+COUNTIFS(INDIRECT("'"&Lists!$O$8&"'!$O$6:$O$179"),"Yes",INDIRECT("'"&Lists!$O$8&"'!$B$6:$B$179"),$A23)+COUNTIFS(INDIRECT("'"&Lists!$O$9&"'!$O$6:$O$179"),"Yes",INDIRECT("'"&Lists!$O$9&"'!$B$6:$B$179"),$A23)
A24: 7 Policies and procedures to assess the effectiveness of cybersecurity risk-management measures | B24: 0.75 | C24: =IFERROR(AVERAGEIFS(INDIRECT("'"&Lists!$O$6&"'!$N$6:$N$179"),INDIRECT("'"&Lists!$O$6&"'!$B$6:$B$179"),$A24),"") | D24: =IFERROR(AVERAGEIFS(INDIRECT("'"&Lists!$O$7&"'!$N$6:$N$179"),INDIRECT("'"&Lists!$O$7&"'!$B$6:$B$179"),$A24),"") | E24: =IFERROR(AVERAGEIFS(INDIRECT("'"&Lists!$O$8&"'!$N$6:$N$179"),INDIRECT("'"&Lists!$O$8&"'!$B$6:$B$179"),$A24),"") | F24: =IFERROR(AVERAGEIFS(INDIRECT("'"&Lists!$O$9&"'!$N$6:$N$179"),INDIRECT("'"&Lists!$O$9&"'!$B$6:$B$179"),$A24),"") | G24: =IFERROR(AVERAGE($C24:$F24),"") | H24: =IF($G24="","",MAX(0,$B24-$G24)) | I24: =COUNTIFS(INDIRECT("'"&Lists!$O$6&"'!$O$6:$O$179"),"Yes",INDIRECT("'"&Lists!$O$6&"'!$B$6:$B$179"),$A24)+COUNTIFS(INDIRECT("'"&Lists!$O$7&"'!$O$6:$O$179"),"Yes",INDIRECT("'"&Lists!$O$7&"'!$B$6:$B$179"),$A24)+COUNTIFS(INDIRECT("'"&Lists!$O$8&"'!$O$6:$O$179"),"Yes",INDIRECT("'"&Lists!$O$8&"'!$B$6:$B$179"),$A24)+COUNTIFS(INDIRECT("'"&Lists!$O$9&"'!$O$6:$O$179"),"Yes",INDIRECT("'"&Lists!$O$9&"'!$B$6:$B$179"),$A24)
A25: 8 Basic cyber hygiene practices and security training | B25: 0.75 | C25: =IFERROR(AVERAGEIFS(INDIRECT("'"&Lists!$O$6&"'!$N$6:$N$179"),INDIRECT("'"&Lists!$O$6&"'!$B$6:$B$179"),$A25),"") | D25: =IFERROR(AVERAGEIFS(INDIRECT("'"&Lists!$O$7&"'!$N$6:$N$179"),INDIRECT("'"&Lists!$O$7&"'!$B$6:$B$179"),$A25),"") | E25: =IFERROR(AVERAGEIFS(INDIRECT("'"&Lists!$O$8&"'!$N$6:$N$179"),INDIRECT("'"&Lists!$O$8&"'!$B$6:$B$179"),$A25),"") | F25: =IFERROR(AVERAGEIFS(INDIRECT("'"&Lists!$O$9&"'!$N$6:$N$179"),INDIRECT("'"&Lists!$O$9&"'!$B$6:$B$179"),$A25),"") | G25: =IFERROR(AVERAGE($C25:$F25),"") | H25: =IF($G25="","",MAX(0,$B25-$G25)) | I25: =COUNTIFS(INDIRECT("'"&Lists!$O$6&"'!$O$6:$O$179"),"Yes",INDIRECT("'"&Lists!$O$6&"'!$B$6:$B$179"),$A25)+COUNTIFS(INDIRECT("'"&Lists!$O$7&"'!$O$6:$O$179"),"Yes",INDIRECT("'"&Lists!$O$7&"'!$B$6:$B$179"),$A25)+COUNTIFS(INDIRECT("'"&Lists!$O$8&"'!$O$6:$O$179"),"Yes",INDIRECT("'"&Lists!$O$8&"'!$B$6:$B$179"),$A25)+COUNTIFS(INDIRECT("'"&Lists!$O$9&"'!$O$6:$O$179"),"Yes",INDIRECT("'"&Lists!$O$9&"'!$B$6:$B$179"),$A25)
A26: 9 Cryptography | B26: 0.75 | C26: =IFERROR(AVERAGEIFS(INDIRECT("'"&Lists!$O$6&"'!$N$6:$N$179"),INDIRECT("'"&Lists!$O$6&"'!$B$6:$B$179"),$A26),"") | D26: =IFERROR(AVERAGEIFS(INDIRECT("'"&Lists!$O$7&"'!$N$6:$N$179"),INDIRECT("'"&Lists!$O$7&"'!$B$6:$B$179"),$A26),"") | E26: =IFERROR(AVERAGEIFS(INDIRECT("'"&Lists!$O$8&"'!$N$6:$N$179"),INDIRECT("'"&Lists!$O$8&"'!$B$6:$B$179"),$A26),"") | F26: =IFERROR(AVERAGEIFS(INDIRECT("'"&Lists!$O$9&"'!$N$6:$N$179"),INDIRECT("'"&Lists!$O$9&"'!$B$6:$B$179"),$A26),"") | G26: =IFERROR(AVERAGE($C26:$F26),"") | H26: =IF($G26="","",MAX(0,$B26-$G26)) | I26: =COUNTIFS(INDIRECT("'"&Lists!$O$6&"'!$O$6:$O$179"),"Yes",INDIRECT("'"&Lists!$O$6&"'!$B$6:$B$179"),$A26)+COUNTIFS(INDIRECT("'"&Lists!$O$7&"'!$O$6:$O$179"),"Yes",INDIRECT("'"&Lists!$O$7&"'!$B$6:$B$179"),$A26)+COUNTIFS(INDIRECT("'"&Lists!$O$8&"'!$O$6:$O$179"),"Yes",INDIRECT("'"&Lists!$O$8&"'!$B$6:$B$179"),$A26)+COUNTIFS(INDIRECT("'"&Lists!$O$9&"'!$O$6:$O$179"),"Yes",INDIRECT("'"&Lists!$O$9&"'!$B$6:$B$179"),$A26)
A27: 10 Human resources security | B27: 0.75 | C27: =IFERROR(AVERAGEIFS(INDIRECT("'"&Lists!$O$6&"'!$N$6:$N$179"),INDIRECT("'"&Lists!$O$6&"'!$B$6:$B$179"),$A27),"") | D27: =IFERROR(AVERAGEIFS(INDIRECT("'"&Lists!$O$7&"'!$N$6:$N$179"),INDIRECT("'"&Lists!$O$7&"'!$B$6:$B$179"),$A27),"") | E27: =IFERROR(AVERAGEIFS(INDIRECT("'"&Lists!$O$8&"'!$N$6:$N$179"),INDIRECT("'"&Lists!$O$8&"'!$B$6:$B$179"),$A27),"") | F27: =IFERROR(AVERAGEIFS(INDIRECT("'"&Lists!$O$9&"'!$N$6:$N$179"),INDIRECT("'"&Lists!$O$9&"'!$B$6:$B$179"),$A27),"") | G27: =IFERROR(AVERAGE($C27:$F27),"") | H27: =IF($G27="","",MAX(0,$B27-$G27)) | I27: =COUNTIFS(INDIRECT("'"&Lists!$O$6&"'!$O$6:$O$179"),"Yes",INDIRECT("'"&Lists!$O$6&"'!$B$6:$B$179"),$A27)+COUNTIFS(INDIRECT("'"&Lists!$O$7&"'!$O$6:$O$179"),"Yes",INDIRECT("'"&Lists!$O$7&"'!$B$6:$B$179"),$A27)+COUNTIFS(INDIRECT("'"&Lists!$O$8&"'!$O$6:$O$179"),"Yes",INDIRECT("'"&Lists!$O$8&"'!$B$6:$B$179"),$A27)+COUNTIFS(INDIRECT("'"&Lists!$O$9&"'!$O$6:$O$179"),"Yes",INDIRECT("'"&Lists!$O$9&"'!$B$6:$B$179"),$A27)
A28: 11 Access control | B28: 0.75 | C28: =IFERROR(AVERAGEIFS(INDIRECT("'"&Lists!$O$6&"'!$N$6:$N$179"),INDIRECT("'"&Lists!$O$6&"'!$B$6:$B$179"),$A28),"") | D28: =IFERROR(AVERAGEIFS(INDIRECT("'"&Lists!$O$7&"'!$N$6:$N$179"),INDIRECT("'"&Lists!$O$7&"'!$B$6:$B$179"),$A28),"") | E28: =IFERROR(AVERAGEIFS(INDIRECT("'"&Lists!$O$8&"'!$N$6:$N$179"),INDIRECT("'"&Lists!$O$8&"'!$B$6:$B$179"),$A28),"") | F28: =IFERROR(AVERAGEIFS(INDIRECT("'"&Lists!$O$9&"'!$N$6:$N$179"),INDIRECT("'"&Lists!$O$9&"'!$B$6:$B$179"),$A28),"") | G28: =IFERROR(AVERAGE($C28:$F28),"") | H28: =IF($G28="","",MAX(0,$B28-$G28)) | I28: =COUNTIFS(INDIRECT("'"&Lists!$O$6&"'!$O$6:$O$179"),"Yes",INDIRECT("'"&Lists!$O$6&"'!$B$6:$B$179"),$A28)+COUNTIFS(INDIRECT("'"&Lists!$O$7&"'!$O$6:$O$179"),"Yes",INDIRECT("'"&Lists!$O$7&"'!$B$6:$B$179"),$A28)+COUNTIFS(INDIRECT("'"&Lists!$O$8&"'!$O$6:$O$179"),"Yes",INDIRECT("'"&Lists!$O$8&"'!$B$6:$B$179"),$A28)+COUNTIFS(INDIRECT("'"&Lists!$O$9&"'!$O$6:$O$179"),"Yes",INDIRECT("'"&Lists!$O$9&"'!$B$6:$B$179"),$A28)
A29: 12 Asset management | B29: 0.75 | C29: =IFERROR(AVERAGEIFS(INDIRECT("'"&Lists!$O$6&"'!$N$6:$N$179"),INDIRECT("'"&Lists!$O$6&"'!$B$6:$B$179"),$A29),"") | D29: =IFERROR(AVERAGEIFS(INDIRECT("'"&Lists!$O$7&"'!$N$6:$N$179"),INDIRECT("'"&Lists!$O$7&"'!$B$6:$B$179"),$A29),"") | E29: =IFERROR(AVERAGEIFS(INDIRECT("'"&Lists!$O$8&"'!$N$6:$N$179"),INDIRECT("'"&Lists!$O$8&"'!$B$6:$B$179"),$A29),"") | F29: =IFERROR(AVERAGEIFS(INDIRECT("'"&Lists!$O$9&"'!$N$6:$N$179"),INDIRECT("'"&Lists!$O$9&"'!$B$6:$B$179"),$A29),"") | G29: =IFERROR(AVERAGE($C29:$F29),"") | H29: =IF($G29="","",MAX(0,$B29-$G29)) | I29: =COUNTIFS(INDIRECT("'"&Lists!$O$6&"'!$O$6:$O$179"),"Yes",INDIRECT("'"&Lists!$O$6&"'!$B$6:$B$179"),$A29)+COUNTIFS(INDIRECT("'"&Lists!$O$7&"'!$O$6:$O$179"),"Yes",INDIRECT("'"&Lists!$O$7&"'!$B$6:$B$179"),$A29)+COUNTIFS(INDIRECT("'"&Lists!$O$8&"'!$O$6:$O$179"),"Yes",INDIRECT("'"&Lists!$O$8&"'!$B$6:$B$179"),$A29)+COUNTIFS(INDIRECT("'"&Lists!$O$9&"'!$O$6:$O$179"),"Yes",INDIRECT("'"&Lists!$O$9&"'!$B$6:$B$179"),$A29)
... A34: 17 OT and production security | B34: 0.75 | C34: =IFERROR(AVERAGEIFS(INDIRECT("'"&Lists!$O$6&"'!$N$6:$N$179"),INDIRECT("'"&Lists!$O$6&"'!$B$6:$B$179"),$A34),"") | D34: =IFERROR(AVERAGEIFS(INDIRECT("'"&Lists!$O$7&"'!$N$6:$N$179"),INDIRECT("'"&Lists!$O$7&"'!$B$6:$B$179"),$A34),"") | E34: =IFERROR(AVERAGEIFS(INDIRECT("'"&Lists!$O$8&"'!$N$6:$N$179"),INDIRECT("'"&Lists!$O$8&"'!$B$6:$B$179"),$A34),"") | F34: =IFERROR(AVERAGEIFS(INDIRECT("'"&Lists!$O$9&"'!$N$6:$N$179"),INDIRECT("'"&Lists!$O$9&"'!$B$6:$B$179"),$A34),"") | G34: =IFERROR(AVERAGE($C34:$F34),"") | H34: =IF($G34="","",MAX(0,$B34-$G34)) | I34: =COUNTIFS(INDIRECT("'"&Lists!$O$6&"'!$O$6:$O$179"),"Yes",INDIRECT("'"&Lists!$O$6&"'!$B$6:$B$179"),$A34)+COUNTIFS(INDIRECT("'"&Lists!$O$7&"'!$O$6:$O$179"),"Yes",INDIRECT("'"&Lists!$O$7&"'!$B$6:$B$179"),$A34)+COUNTIFS(INDIRECT("'"&Lists!$O$8&"'!$O$6:$O$179"),"Yes",INDIRECT("'"&Lists!$O$8&"'!$B$6:$B$179"),$A34)+COUNTIFS(INDIRECT("'"&Lists!$O$9&"'!$O$6:$O$179"),"Yes",INDIRECT("'"&Lists!$O$9&"'!$B$6:$B$179"),$A34)
A36: Answer Distribution (Implemented)
A37: Entity | B37: Yes | C37: Partial | D37: No | E37: Not assessed
A38: =Lists!$F$6 | B38: =COUNTIFS(INDIRECT("'"&Lists!$O$6&"'!$I$6:$I$179"),"In Scope",INDIRECT("'"&Lists!$O$6&"'!$J$6:$J$179"),"Yes") | C38: =COUNTIFS(INDIRECT("'"&Lists!$O$6&"'!$I$6:$I$179"),"In Scope",INDIRECT("'"&Lists!$O$6&"'!$J$6:$J$179"),"Partial") | D38: =COUNTIFS(INDIRECT("'"&Lists!$O$6&"'!$I$6:$I$179"),"In Scope",INDIRECT("'"&Lists!$O$6&"'!$J$6:$J$179"),"No") | E38: =COUNTIF(INDIRECT("'"&Lists!$O$6&"'!$I$6:$I$179"),"In Scope")-SUM($B38:$D38)
A39: =Lists!$F$7 | B39: =COUNTIFS(INDIRECT("'"&Lists!$O$7&"'!$I$6:$I$179"),"In Scope",INDIRECT("'"&Lists!$O$7&"'!$J$6:$J$179"),"Yes") | C39: =COUNTIFS(INDIRECT("'"&Lists!$O$7&"'!$I$6:$I$179"),"In Scope",INDIRECT("'"&Lists!$O$7&"'!$J$6:$J$179"),"Partial") | D39: =COUNTIFS(INDIRECT("'"&Lists!$O$7&"'!$I$6:$I$179"),"In Scope",INDIRECT("'"&Lists!$O$7&"'!$J$6:$J$179"),"No") | E39: =COUNTIF(INDIRECT("'"&Lists!$O$7&"'!$I$6:$I$179"),"In Scope")-SUM($B39:$D39)
A40: =Lists!$F$8 | B40: =COUNTIFS(INDIRECT("'"&Lists!$O$8&"'!$I$6:$I$179"),"In Scope",INDIRECT("'"&Lists!$O$8&"'!$J$6:$J$179"),"Yes") | C40: =COUNTIFS(INDIRECT("'"&Lists!$O$8&"'!$I$6:$I$179"),"In Scope",INDIRECT("'"&Lists!$O$8&"'!$J$6:$J$179"),"Partial") | D40: =COUNTIFS(INDIRECT("'"&Lists!$O$8&"'!$I$6:$I$179"),"In Scope",INDIRECT("'"&Lists!$O$8&"'!$J$6:$J$179"),"No") | E40: =COUNTIF(INDIRECT("'"&Lists!$O$8&"'!$I$6:$I$179"),"In Scope")-SUM($B40:$D40)
A41: =Lists!$F$9 | B41: =COUNTIFS(INDIRECT("'"&Lists!$O$9&"'!$I$6:$I$179"),"In Scope",INDIRECT("'"&Lists!$O$9&"'!$J$6:$J$179"),"Yes") | C41: =COUNTIFS(INDIRECT("'"&Lists!$O$9&"'!$I$6:$I$179"),"In Scope",INDIRECT("'"&Lists!$O$9&"'!$J$6:$J$179"),"Partial") | D41: =COUNTIFS(INDIRECT("'"&Lists!$O$9&"'!$I$6:$I$179"),"In Scope",INDIRECT("'"&Lists!$O$9&"'!$J$6:$J$179"),"No") | E41: =COUNTIF(INDIRECT("'"&Lists!$O$9&"'!$I$6:$I$179"),"In Scope")-SUM($B41:$D41)
A44: Action Plan | D44: Scoring Model
A45: Indicator | B45: Value | D45: Answer | E45: Score | F45: Note
A46: Work packages in plan | B46: =COUNTIF('Action Plan'!$G$6:$G$205,"?*") | D46: Yes / Effective | E46: 1 | F46: Full credit
A47: High priority | B47: =COUNTIFS('Action Plan'!$G$6:$G$205,"?*",'Action Plan'!$H$6:$H$205,"High") | D47: Partial | E47: 0.5 | F47: Half credit
A48: Medium priority | B48: =COUNTIFS('Action Plan'!$G$6:$G$205,"?*",'Action Plan'!$H$6:$H$205,"Medium") | D48: Not Tested | E48: 0.25 | F48: Implemented but unverified
A49: Low priority | B49: =COUNTIFS('Action Plan'!$G$6:$G$205,"?*",'Action Plan'!$H$6:$H$205,"Low") | D49: No / Ineffective | E49: 0 | F49: No credit
A50: Not started | B50: =COUNTIFS('Action Plan'!$G$6:$G$205,"?*",'Action Plan'!$M$6:$M$205,"Not Started") | D50: N/A | E50: - | F50: Excluded from the average
A51: In progress | B51: =COUNTIFS('Action Plan'!$G$6:$G$205,"?*",'Action Plan'!$M$6:$M$205,"In Progress") | D51: Scope <> In Scope | E51: - | F51: Row excluded entirely, e.g. handled centrally at HQ
A52: Completed | B52: =COUNTIFS('Action Plan'!$G$6:$G$205,"?*",'Action Plan'!$M$6:$M$205,"Completed")
A53: Overdue | B53: =COUNTIF('Action Plan'!$N$6:$N$205,"Overdue") | D53: Target values in column B are a planning assumption for the first assessment round, set by the ISB, not a legal threshold. 75 per cent equals implemented and documented, effectiveness not yet tested. Edit them directly.
A54: Identified gaps not yet in the plan | B54: =COUNTIF(INDIRECT("'"&Lists!$O$6&"'!$O$6:$O$179"),"Yes")+COUNTIF(INDIRECT("'"&Lists!$O$7&"'!$O$6:$O$179"),"Yes")+COUNTIF(INDIRECT("'"&Lists!$O$8&"'!$O$6:$O$179"),"Yes")+COUNTIF(INDIRECT("'"&Lists!$O$9&"'!$O$6:$O$179"),"Yes")-COUNTIF('Action Plan'!$G$6:$G$205,"?*")

Sheet Lists
A1: NIS2 GAP Analysis
A2: Master Data and Picklists
A3: Single source for every drop-down in this workbook. Add values at the end of a column and extend the named range under Formulas > Name Manager.
A5: Implemented / Documented | B5: Effectiveness | C5: Effort | D5: Priority | E5: Status | F5: Entity | G5: Scope | H5: Yes / No | J5: Scoring model | M5: Chapter | O5: Sheet name | P5: Finding ID prefix | Q5: Check | S5: Responsible
A6: Yes | B6: Effective | C6: Low | D6: High | E6: Not Started | G6: In Scope | H6: Yes | J6: Answer | K6: Score | M6: 1 Policy on the security of network and information systems | S6: Information Security Officer | U6: Blue cells are maintained here only. Column F is the display name used on the Dashboard, the entity sheets and the Action Plan drop-down. Column O must match the actual tab name; if you rename a tab, update it here and column Q switches back to OK.
A7: Partial | B7: Partial | C7: Medium | D7: Medium | E7: In Progress | G7: Central at HQ | H7: No | J7: Yes / Effective | K7: 1 | M7: 2 Risk management policy | S7: IT Coordinator
A8: No | B8: Not Tested | C8: High | D8: Low | E8: Completed | G8: Not Applicable | J8: Partial | K8: 0.5 | M8: 3 Incident handling | S8: Central IT
A9: N/A | B9: Ineffective | E9: Blocked | J9: Not Tested | K9: 0.25 | M9: 4 Business continuity and crisis management | S9: Local IT
B10: N/A | E10: Deferred | J10: No / Ineffective | K10: 0 | M10: 5 Supply chain security | S10: MSP+IT
J11: N/A | K11: excluded | M11: 6 Security in network and information systems acquisition, development and maintenance | S11: Data Protection Officer
M12: 7 Policies and procedures to assess the effectiveness of cybersecurity risk-management measures | S12: HR
M13: 8 Basic cyber hygiene practices and security training | S13: IT Procurement
M14: 9 Cryptography | S14: OT
M15: 10 Human resources security | S15: Management Board
M16: 11 Access control | S16: German External Adviser
M17: 12 Asset management | S17: Dutch External Adviser
M18: 13 Environmental and physical security | S18: Local Contact
M19: 14 Incident reporting to the competent authority
M20: 15 Registration | S20: Replace these roles with the actual names of the people responsible, or mix both.
M21: 16 Management responsibility
M22: 17 OT and production security

Sheet Requirements
A1: NIS2 GAP Analysis
A2: Requirement catalogue
A3: Columns A to H are reference content, columns I to M and P to T are for the assessment, shaded columns are calculated. Set Scope to "Central at HQ" or "Not Applicable" to exclude a row from scoring. | J3: ="Assessed "&COUNTIFS($I$6:$I$179,"In Scope",$J$6:$J$179,"?*")&" / "&COUNTIF($I$6:$I$179,"In Scope")&" | Average score "&IF(COUNT($N$6:$N$179)=0,"-",TEXT(AVERAGE($N$6:$N$179),"0%"))
A5: No. | B5: Chapter | C5: Section | D5: Requirement | E5: Check Points | F5: Legal Reference | G5: ISO/IEC 27001:2022 Ref. | H5: Core | I5: Scope | J5: Implemented | K5: Documented | L5: Effectiveness | M5: Evidence / Source | N5: Score | O5: Work Package Required | P5: Gap Description | Q5: Recommended Action / Work Package | R5: Responsible | S5: Target Date | T5: Effort | U5: Finding ID
A6: 1.1.1 | B6: 1 Policy on the security of network and information systems | C6: 1.1 Policy on the security of network and information systems | D6: For the purpose of Article 21(2), point (a) of Directive (EU) 2022/2555, the policy on the security of network and information systems shall: | E6: (a) set out the relevant entities’ approach to managing the security of their network and information systems; (b) be appropriate to and complementary with the relevant entities’ business strategy and objectives; (c) set out network and information security objectives; (d) include a commitment to continual improvement of the security of network and information systems; (e) include a commitment to provide the appropriate resources needed for its implementation, including the necessary staff, financial resources, processes, tools and technologies; (f) be communicated to and acknowledged by relevant employees and relevant interested external parties; (g) lay down roles and responsibilities pursuant to point 1.2; (h) list the documentation to be kept and the duration of retention of the documentation; (i) list the topic-specific policies; (j) lay down indicators and measures to monitor its implementation and the current status of relevant entities’ maturity level of network and information security; (k) indicate the date of the formal approval by the management bodies of the relevant entities (the ‘management bodies’). | F6: § 30 Abs. 2 Nr. 1 BSIG | G6: 5.2, A.5.1, A.5.36, A.5.4, 9.3 | H6: Yes | I6: In Scope | N6: =IF($I6<>"In Scope","",IF(COUNTA($J6:$L6)-COUNTIF($J6:$L6,"N/A")=0,"",(COUNTIF($J6:$L6,"Yes")+COUNTIF($J6:$L6,"Effective")+0.5*COUNTIF($J6:$L6,"Partial")+0.25*COUNTIF($J6:$L6,"Not Tested"))/(COUNTA($J6:$L6)-COUNTIF($J6:$L6,"N/A")))) | O6: =IF(OR($I6<>"In Scope",COUNTA($J6:$L6)=0),"",IF(COUNTIF($J6:$K6,"No")+COUNTIF($J6:$K6,"Partial")+COUNTIF($L6,"Partial")+COUNTIF($L6,"Not Tested")+COUNTIF($L6,"Ineffective")>0,"Yes","No")) | U6: =IF($O6<>"Yes","",Lists!$P$6&"-"&$A6)
A7: 1.1.2 | B7: 1 Policy on the security of network and information systems | C7: 1.1 Policy on the security of network and information systems | D7: The network and information system security policy shall be reviewed and, where appropriate, updated by management bodies at least annually and when significant incidents or significant changes to operations or risks occur. The result of the reviews shall be documented. | F7: § 30 Abs. 2 Nr. 1 BSIG | G7: 5.2, A.5.1, A.5.36, A.5.4, 9.3 | I7: In Scope | N7: =IF($I7<>"In Scope","",IF(COUNTA($J7:$L7)-COUNTIF($J7:$L7,"N/A")=0,"",(COUNTIF($J7:$L7,"Yes")+COUNTIF($J7:$L7,"Effective")+0.5*COUNTIF($J7:$L7,"Partial")+0.25*COUNTIF($J7:$L7,"Not Tested"))/(COUNTA($J7:$L7)-COUNTIF($J7:$L7,"N/A")))) | O7: =IF(OR($I7<>"In Scope",COUNTA($J7:$L7)=0),"",IF(COUNTIF($J7:$K7,"No")+COUNTIF($J7:$K7,"Partial")+COUNTIF($L7,"Partial")+COUNTIF($L7,"Not Tested")+COUNTIF($L7,"Ineffective")>0,"Yes","No")) | U7: =IF($O7<>"Yes","",Lists!$P$6&"-"&$A7)
A8: 1.2.1 | B8: 1 Policy on the security of network and information systems | C8: 1.2 Roles, responsibilities and authorities | D8: As part of their policy on the security of network and information systems referred to in point 1.1, the relevant entities shall lay down responsibilities and authorities for network and information system security and assign them to roles, allocate them according to the relevant entities’ needs, and communicate them to the management bodies. | F8: § 30 Abs. 2 Nr. 1 BSIG | G8: 5.3, A.5.2, A.5.3, A.5.4 | H8: Yes | I8: In Scope | N8: =IF($I8<>"In Scope","",IF(COUNTA($J8:$L8)-COUNTIF($J8:$L8,"N/A")=0,"",(COUNTIF($J8:$L8,"Yes")+COUNTIF($J8:$L8,"Effective")+0.5*COUNTIF($J8:$L8,"Partial")+0.25*COUNTIF($J8:$L8,"Not Tested"))/(COUNTA($J8:$L8)-COUNTIF($J8:$L8,"N/A")))) | O8: =IF(OR($I8<>"In Scope",COUNTA($J8:$L8)=0),"",IF(COUNTIF($J8:$K8,"No")+COUNTIF($J8:$K8,"Partial")+COUNTIF($L8,"Partial")+COUNTIF($L8,"Not Tested")+COUNTIF($L8,"Ineffective")>0,"Yes","No")) | U8: =IF($O8<>"Yes","",Lists!$P$6&"-"&$A8)
A9: 1.2.2 | B9: 1 Policy on the security of network and information systems | C9: 1.2 Roles, responsibilities and authorities | D9: The relevant entities shall require all personnel and third parties to apply network and information system security in accordance with the established network and information security policy, topic-specific policies and procedures of the relevant entities. | F9: § 30 Abs. 2 Nr. 1 BSIG | G9: 5.3, A.5.2, A.5.3, A.5.4 | I9: In Scope | N9: =IF($I9<>"In Scope","",IF(COUNTA($J9:$L9)-COUNTIF($J9:$L9,"N/A")=0,"",(COUNTIF($J9:$L9,"Yes")+COUNTIF($J9:$L9,"Effective")+0.5*COUNTIF($J9:$L9,"Partial")+0.25*COUNTIF($J9:$L9,"Not Tested"))/(COUNTA($J9:$L9)-COUNTIF($J9:$L9,"N/A")))) | O9: =IF(OR($I9<>"In Scope",COUNTA($J9:$L9)=0),"",IF(COUNTIF($J9:$K9,"No")+COUNTIF($J9:$K9,"Partial")+COUNTIF($L9,"Partial")+COUNTIF($L9,"Not Tested")+COUNTIF($L9,"Ineffective")>0,"Yes","No")) | U9: =IF($O9<>"Yes","",Lists!$P$6&"-"&$A9)
A10: 1.2.3 | B10: 1 Policy on the security of network and information systems | C10: 1.2 Roles, responsibilities and authorities | D10: At least one person shall report directly to the management bodies on matters of network and information system security. | F10: § 30 Abs. 2 Nr. 1 BSIG | G10: 5.3, A.5.2, A.5.3, A.5.4 | I10: In Scope | N10: =IF($I10<>"In Scope","",IF(COUNTA($J10:$L10)-COUNTIF($J10:$L10,"N/A")=0,"",(COUNTIF($J10:$L10,"Yes")+COUNTIF($J10:$L10,"Effective")+0.5*COUNTIF($J10:$L10,"Partial")+0.25*COUNTIF($J10:$L10,"Not Tested"))/(COUNTA($J10:$L10)-COUNTIF($J10:$L10,"N/A")))) | O10: =IF(OR($I10<>"In Scope",COUNTA($J10:$L10)=0),"",IF(COUNTIF($J10:$K10,"No")+COUNTIF($J10:$K10,"Partial")+COUNTIF($L10,"Partial")+COUNTIF($L10,"Not Tested")+COUNTIF($L10,"Ineffective")>0,"Yes","No")) | U10: =IF($O10<>"Yes","",Lists!$P$6&"-"&$A10)
A11: 1.2.4 | B11: 1 Policy on the security of network and information systems | C11: 1.2 Roles, responsibilities and authorities | D11: Depending on the size of the relevant entities, network and information system security shall be covered by dedicated roles or duties carried out in addition to existing roles. | F11: § 30 Abs. 2 Nr. 1 BSIG | G11: 5.3, A.5.2, A.5.3, A.5.4 | I11: In Scope | N11: =IF($I11<>"In Scope","",IF(COUNTA($J11:$L11)-COUNTIF($J11:$L11,"N/A")=0,"",(COUNTIF($J11:$L11,"Yes")+COUNTIF($J11:$L11,"Effective")+0.5*COUNTIF($J11:$L11,"Partial")+0.25*COUNTIF($J11:$L11,"Not Tested"))/(COUNTA($J11:$L11)-COUNTIF($J11:$L11,"N/A")))) | O11: =IF(OR($I11<>"In Scope",COUNTA($J11:$L11)=0),"",IF(COUNTIF($J11:$K11,"No")+COUNTIF($J11:$K11,"Partial")+COUNTIF($L11,"Partial")+COUNTIF($L11,"Not Tested")+COUNTIF($L11,"Ineffective")>0,"Yes","No")) | U11: =IF($O11<>"Yes","",Lists!$P$6&"-"&$A11)
A12: 1.2.5 | B12: 1 Policy on the security of network and information systems | C12: 1.2 Roles, responsibilities and authorities | D12: Conflicting duties and conflicting areas of responsibility shall be segregated, where applicable. | F12: § 30 Abs. 2 Nr. 1 BSIG | G12: 5.3, A.5.2, A.5.3, A.5.4 | I12: In Scope | N12: =IF($I12<>"In Scope","",IF(COUNTA($J12:$L12)-COUNTIF($J12:$L12,"N/A")=0,"",(COUNTIF($J12:$L12,"Yes")+COUNTIF($J12:$L12,"Effective")+0.5*COUNTIF($J12:$L12,"Partial")+0.25*COUNTIF($J12:$L12,"Not Tested"))/(COUNTA($J12:$L12)-COUNTIF($J12:$L12,"N/A")))) | O12: =IF(OR($I12<>"In Scope",COUNTA($J12:$L12)=0),"",IF(COUNTIF($J12:$K12,"No")+COUNTIF($J12:$K12,"Partial")+COUNTIF($L12,"Partial")+COUNTIF($L12,"Not Tested")+COUNTIF($L12,"Ineffective")>0,"Yes","No")) | U12: =IF($O12<>"Yes","",Lists!$P$6&"-"&$A12)
A13: 1.2.6 | B13: 1 Policy on the security of network and information systems | C13: 1.2 Roles, responsibilities and authorities | D13: shall be reviewed and, where appropriate, updated by management bodies at planned intervals and when significant incidents or significant changes to operations or risks occur. | F13: § 30 Abs. 2 Nr. 1 BSIG | G13: 5.3, A.5.2, A.5.3, A.5.4 | I13: In Scope | N13: =IF($I13<>"In Scope","",IF(COUNTA($J13:$L13)-COUNTIF($J13:$L13,"N/A")=0,"",(COUNTIF($J13:$L13,"Yes")+COUNTIF($J13:$L13,"Effective")+0.5*COUNTIF($J13:$L13,"Partial")+0.25*COUNTIF($J13:$L13,"Not Tested"))/(COUNTA($J13:$L13)-COUNTIF($J13:$L13,"N/A")))) | O13: =IF(OR($I13<>"In Scope",COUNTA($J13:$L13)=0),"",IF(COUNTIF($J13:$K13,"No")+COUNTIF($J13:$K13,"Partial")+COUNTIF($L13,"Partial")+COUNTIF($L13,"Not Tested")+COUNTIF($L13,"Ineffective")>0,"Yes","No")) | U13: =IF($O13<>"Yes","",Lists!$P$6&"-"&$A13)
A14: 2.1.1 | B14: 2 Risk management policy | C14: 2.1 Risk management framework | D14: For the purpose of Article 21(2), point (a) of Directive (EU) 2022/2555, the relevant entities shall establish and maintain an appropriate risk management framework to identify and address the risks posed to the security of network and information systems. The relevant entities shall perform and document risk assessments and, based on the results, establish, implement and monitor a risk treatment plan. Risk assessment results and residual risks shall be accepted by management bodies or, where applicable, by persons who are accountable and have the authority to manage risks, provided that the relevant entities ensure adequate reporting to the management bodies. | F14: § 30 Abs. 2 Nr. 1 BSIG | G14: 6.1, 6.1.2, 6.1.3, 6.2, 8.2, 8.3, A.5.7, A.5.19, A.5.20, A.5.21 | H14: Yes | I14: In Scope | N14: =IF($I14<>"In Scope","",IF(COUNTA($J14:$L14)-COUNTIF($J14:$L14,"N/A")=0,"",(COUNTIF($J14:$L14,"Yes")+COUNTIF($J14:$L14,"Effective")+0.5*COUNTIF($J14:$L14,"Partial")+0.25*COUNTIF($J14:$L14,"Not Tested"))/(COUNTA($J14:$L14)-COUNTIF($J14:$L14,"N/A")))) | O14: =IF(OR($I14<>"In Scope",COUNTA($J14:$L14)=0),"",IF(COUNTIF($J14:$K14,"No")+COUNTIF($J14:$K14,"Partial")+COUNTIF($L14,"Partial")+COUNTIF($L14,"Not Tested")+COUNTIF($L14,"Ineffective")>0,"Yes","No")) | U14: =IF($O14<>"Yes","",Lists!$P$6&"-"&$A14)
A15: 2.1.2 | B15: 2 Risk management policy | C15: 2.1 Risk management framework | D15: For the purpose of point 2.1.1, the relevant entities shall establish procedures for identification, analysis, assessment and treatment of risks (‘cybersecurity risk management process’). The cybersecurity risk management process shall be an integral part of the relevant entities’ overall risk management process, where applicable. As part of the cybersecurity risk management process, the relevant entities shall: | E15: (a) follow a risk management methodology; (b) establish the risk tolerance level in accordance with the risk appetite of the relevant entities; (c) establish and maintain relevant risk criteria; (d) in line with an all-hazards approach, identify and document the risks posed to the security of network and information systems, in particular in relation to third parties and risks that could lead to disruptions in the availability, integrity, authenticity and confidentiality of the network and information systems, including the identification of single point of failures; (e) analyse the risks posed to the security of network and information systems, including threat, likelihood, impact, and risk level, taking into account cyber threat intelligence and vulnerabilities; (f) evaluate the identified risks based on the risk criteria; (g) identify and prioritise appropriate risk treatment options and measures; (h) continuously monitor the implementation of the risk treatment measures; (i) identify who is responsible for implementing the risk treatment measures and when they should be implemented; (j) document the chosen risk treatment measures in a risk treatment plan and the reasons justifying the acceptance of residual risks in a comprehensible manner. | F15: § 30 Abs. 2 Nr. 1 BSIG | G15: 6.1, 6.1.2, 6.1.3, 6.2, 8.2, 8.3, A.5.7, A.5.19, A.5.20, A.5.21 | I15: In Scope | N15: =IF($I15<>"In Scope","",IF(COUNTA($J15:$L15)-COUNTIF($J15:$L15,"N/A")=0,"",(COUNTIF($J15:$L15,"Yes")+COUNTIF($J15:$L15,"Effective")+0.5*COUNTIF($J15:$L15,"Partial")+0.25*COUNTIF($J15:$L15,"Not Tested"))/(COUNTA($J15:$L15)-COUNTIF($J15:$L15,"N/A")))) | O15: =IF(OR($I15<>"In Scope",COUNTA($J15:$L15)=0),"",IF(COUNTIF($J15:$K15,"No")+COUNTIF($J15:$K15,"Partial")+COUNTIF($L15,"Partial")+COUNTIF($L15,"Not Tested")+COUNTIF($L15,"Ineffective")>0,"Yes","No")) | U15: =IF($O15<>"Yes","",Lists!$P$6&"-"&$A15)
A16: 2.1.3 | B16: 2 Risk management policy | C16: 2.1 Risk management framework | D16: When identifying and prioritising appropriate risk treatment options and measures, the relevant entities shall take into account the risk assessment results, the results of the procedure to assess the effectiveness of cybersecurity risk- management measures, the cost of implementation in relation to the expected benefit, the asset classification referred to in point 12.1, and the business impact analysis referred to in point 4.1.3. | F16: § 30 Abs. 2 Nr. 1 BSIG | G16: 6.1, 6.1.2, 6.1.3, 6.2, 8.2, 8.3, A.5.7, A.5.19, A.5.20, A.5.21 | I16: In Scope | N16: =IF($I16<>"In Scope","",IF(COUNTA($J16:$L16)-COUNTIF($J16:$L16,"N/A")=0,"",(COUNTIF($J16:$L16,"Yes")+COUNTIF($J16:$L16,"Effective")+0.5*COUNTIF($J16:$L16,"Partial")+0.25*COUNTIF($J16:$L16,"Not Tested"))/(COUNTA($J16:$L16)-COUNTIF($J16:$L16,"N/A")))) | O16: =IF(OR($I16<>"In Scope",COUNTA($J16:$L16)=0),"",IF(COUNTIF($J16:$K16,"No")+COUNTIF($J16:$K16,"Partial")+COUNTIF($L16,"Partial")+COUNTIF($L16,"Not Tested")+COUNTIF($L16,"Ineffective")>0,"Yes","No")) | U16: =IF($O16<>"Yes","",Lists!$P$6&"-"&$A16)
A17: 2.1.4 | B17: 2 Risk management policy | C17: 2.1 Risk management framework | D17: The relevant entities shall review and, where appropriate, update the risk assessment results and the risk treatment plan at planned intervals and at least annually, and when significant changes to operations or risks or significant incidents occur. | F17: § 30 Abs. 2 Nr. 1 BSIG | G17: 6.1, 6.1.2, 6.1.3, 6.2, 8.2, 8.3, A.5.7, A.5.19, A.5.20, A.5.21 | I17: In Scope | N17: =IF($I17<>"In Scope","",IF(COUNTA($J17:$L17)-COUNTIF($J17:$L17,"N/A")=0,"",(COUNTIF($J17:$L17,"Yes")+COUNTIF($J17:$L17,"Effective")+0.5*COUNTIF($J17:$L17,"Partial")+0.25*COUNTIF($J17:$L17,"Not Tested"))/(COUNTA($J17:$L17)-COUNTIF($J17:$L17,"N/A")))) | O17: =IF(OR($I17<>"In Scope",COUNTA($J17:$L17)=0),"",IF(COUNTIF($J17:$K17,"No")+COUNTIF($J17:$K17,"Partial")+COUNTIF($L17,"Partial")+COUNTIF($L17,"Not Tested")+COUNTIF($L17,"Ineffective")>0,"Yes","No")) | U17: =IF($O17<>"Yes","",Lists!$P$6&"-"&$A17)
A18: 2.2.1 | B18: 2 Risk management policy | C18: 2.2 Compliance monitoring | D18: The relevant entities shall regularly review the compliance with their policies on network and information system security, topic-specific policies, rules, and standards. The management bodies shall be informed of the status of network and information security on the basis of the compliance reviews by means of regular reporting. | F18: § 30 Abs. 2 Nr. 1 BSIG | G18: 9.2, A.5.31, A.5.35, A.5.36 | H18: Yes | I18: In Scope | N18: =IF($I18<>"In Scope","",IF(COUNTA($J18:$L18)-COUNTIF($J18:$L18,"N/A")=0,"",(COUNTIF($J18:$L18,"Yes")+COUNTIF($J18:$L18,"Effective")+0.5*COUNTIF($J18:$L18,"Partial")+0.25*COUNTIF($J18:$L18,"Not Tested"))/(COUNTA($J18:$L18)-COUNTIF($J18:$L18,"N/A")))) | O18: =IF(OR($I18<>"In Scope",COUNTA($J18:$L18)=0),"",IF(COUNTIF($J18:$K18,"No")+COUNTIF($J18:$K18,"Partial")+COUNTIF($L18,"Partial")+COUNTIF($L18,"Not Tested")+COUNTIF($L18,"Ineffective")>0,"Yes","No")) | U18: =IF($O18<>"Yes","",Lists!$P$6&"-"&$A18)
A19: 2.2.2 | B19: 2 Risk management policy | C19: 2.2 Compliance monitoring | D19: The relevant entities shall put in place an effective compliance reporting system which shall be appropriate to their structures, operating environments and threat landscapes. The compliance reporting system shall be capable to provide to the management bodies an informed view of the current state of the relevant entities’ management of risks. | F19: § 30 Abs. 2 Nr. 1 BSIG | G19: 9.2, A.5.31, A.5.35, A.5.36 | I19: In Scope | N19: =IF($I19<>"In Scope","",IF(COUNTA($J19:$L19)-COUNTIF($J19:$L19,"N/A")=0,"",(COUNTIF($J19:$L19,"Yes")+COUNTIF($J19:$L19,"Effective")+0.5*COUNTIF($J19:$L19,"Partial")+0.25*COUNTIF($J19:$L19,"Not Tested"))/(COUNTA($J19:$L19)-COUNTIF($J19:$L19,"N/A")))) | O19: =IF(OR($I19<>"In Scope",COUNTA($J19:$L19)=0),"",IF(COUNTIF($J19:$K19,"No")+COUNTIF($J19:$K19,"Partial")+COUNTIF($L19,"Partial")+COUNTIF($L19,"Not Tested")+COUNTIF($L19,"Ineffective")>0,"Yes","No")) | U19: =IF($O19<>"Yes","",Lists!$P$6&"-"&$A19)
A20: 2.2.3 | B20: 2 Risk management policy | C20: 2.2 Compliance monitoring | D20: The relevant entities shall perform the compliance monitoring at planned intervals and when significant incidents or significant changes to operations or risks occur. | F20: § 30 Abs. 2 Nr. 1 BSIG | G20: 9.2, A.5.31, A.5.35, A.5.36 | I20: In Scope | N20: =IF($I20<>"In Scope","",IF(COUNTA($J20:$L20)-COUNTIF($J20:$L20,"N/A")=0,"",(COUNTIF($J20:$L20,"Yes")+COUNTIF($J20:$L20,"Effective")+0.5*COUNTIF($J20:$L20,"Partial")+0.25*COUNTIF($J20:$L20,"Not Tested"))/(COUNTA($J20:$L20)-COUNTIF($J20:$L20,"N/A")))) | O20: =IF(OR($I20<>"In Scope",COUNTA($J20:$L20)=0),"",IF(COUNTIF($J20:$K20,"No")+COUNTIF($J20:$K20,"Partial")+COUNTIF($L20,"Partial")+COUNTIF($L20,"Not Tested")+COUNTIF($L20,"Ineffective")>0,"Yes","No")) | U20: =IF($O20<>"Yes","",Lists!$P$6&"-"&$A20)
A21: 2.3.1 | B21: 2 Risk management policy | C21: 2.3 Independent review of information and network security | D21: The relevant entities shall review independently their approach to managing network and information system security and its implementation including people, processes and technologies. | F21: § 30 Abs. 2 Nr. 1 BSIG | G21: 9.2, 10.1, A.5.35, A.8.34 | H21: Yes | I21: In Scope | N21: =IF($I21<>"In Scope","",IF(COUNTA($J21:$L21)-COUNTIF($J21:$L21,"N/A")=0,"",(COUNTIF($J21:$L21,"Yes")+COUNTIF($J21:$L21,"Effective")+0.5*COUNTIF($J21:$L21,"Partial")+0.25*COUNTIF($J21:$L21,"Not Tested"))/(COUNTA($J21:$L21)-COUNTIF($J21:$L21,"N/A")))) | O21: =IF(OR($I21<>"In Scope",COUNTA($J21:$L21)=0),"",IF(COUNTIF($J21:$K21,"No")+COUNTIF($J21:$K21,"Partial")+COUNTIF($L21,"Partial")+COUNTIF($L21,"Not Tested")+COUNTIF($L21,"Ineffective")>0,"Yes","No")) | U21: =IF($O21<>"Yes","",Lists!$P$6&"-"&$A21)
A22: 2.3.2 | B22: 2 Risk management policy | C22: 2.3 Independent review of information and network security | D22: The relevant entities shall develop and maintain processes to conduct independent reviews which shall be carried out by individuals with appropriate audit competence. Where the independent review is conducted by staff members of the relevant entity, the persons conducting the reviews shall not be in the line of authority of the personnel of the area under review. If the size of the relevant entities does not allow such separation of line of authority, the relevant entities shall put in place alternative measures to guarantee the impartiality of the reviews. | F22: § 30 Abs. 2 Nr. 1 BSIG | G22: 9.2, 10.1, A.5.35, A.8.34 | I22: In Scope | N22: =IF($I22<>"In Scope","",IF(COUNTA($J22:$L22)-COUNTIF($J22:$L22,"N/A")=0,"",(COUNTIF($J22:$L22,"Yes")+COUNTIF($J22:$L22,"Effective")+0.5*COUNTIF($J22:$L22,"Partial")+0.25*COUNTIF($J22:$L22,"Not Tested"))/(COUNTA($J22:$L22)-COUNTIF($J22:$L22,"N/A")))) | O22: =IF(OR($I22<>"In Scope",COUNTA($J22:$L22)=0),"",IF(COUNTIF($J22:$K22,"No")+COUNTIF($J22:$K22,"Partial")+COUNTIF($L22,"Partial")+COUNTIF($L22,"Not Tested")+COUNTIF($L22,"Ineffective")>0,"Yes","No")) | U22: =IF($O22<>"Yes","",Lists!$P$6&"-"&$A22)
A23: 2.3.3 | B23: 2 Risk management policy | C23: 2.3 Independent review of information and network security | D23: The results of the independent reviews, including the results from the compliance monitoring pursuant to point 2.2 and the monitoring and measurement pursuant to point 7, shall be reported to the management bodies. Corrective actions shall be taken or residual risk accepted according to the relevant entities’ risk acceptance criteria. | F23: § 30 Abs. 2 Nr. 1 BSIG | G23: 9.2, 10.1, A.5.35, A.8.34 | I23: In Scope | N23: =IF($I23<>"In Scope","",IF(COUNTA($J23:$L23)-COUNTIF($J23:$L23,"N/A")=0,"",(COUNTIF($J23:$L23,"Yes")+COUNTIF($J23:$L23,"Effective")+0.5*COUNTIF($J23:$L23,"Partial")+0.25*COUNTIF($J23:$L23,"Not Tested"))/(COUNTA($J23:$L23)-COUNTIF($J23:$L23,"N/A")))) | O23: =IF(OR($I23<>"In Scope",COUNTA($J23:$L23)=0),"",IF(COUNTIF($J23:$K23,"No")+COUNTIF($J23:$K23,"Partial")+COUNTIF($L23,"Partial")+COUNTIF($L23,"Not Tested")+COUNTIF($L23,"Ineffective")>0,"Yes","No")) | U23: =IF($O23<>"Yes","",Lists!$P$6&"-"&$A23)
A24: 2.3.4 | B24: 2 Risk management policy | C24: 2.3 Independent review of information and network security | D24: The independent reviews shall take place at planned intervals and when significant incidents or significant changes to operations or risks occur. | F24: § 30 Abs. 2 Nr. 1 BSIG | G24: 9.2, 10.1, A.5.35, A.8.34 | I24: In Scope | N24: =IF($I24<>"In Scope","",IF(COUNTA($J24:$L24)-COUNTIF($J24:$L24,"N/A")=0,"",(COUNTIF($J24:$L24,"Yes")+COUNTIF($J24:$L24,"Effective")+0.5*COUNTIF($J24:$L24,"Partial")+0.25*COUNTIF($J24:$L24,"Not Tested"))/(COUNTA($J24:$L24)-COUNTIF($J24:$L24,"N/A")))) | O24: =IF(OR($I24<>"In Scope",COUNTA($J24:$L24)=0),"",IF(COUNTIF($J24:$K24,"No")+COUNTIF($J24:$K24,"Partial")+COUNTIF($L24,"Partial")+COUNTIF($L24,"Not Tested")+COUNTIF($L24,"Ineffective")>0,"Yes","No")) | U24: =IF($O24<>"Yes","",Lists!$P$6&"-"&$A24)
A25: 3.1.1 | B25: 3 Incident handling | C25: 3.1 Incident handling policy | D25: For the purpose of Article 21(2), point (b) of Directive (EU) 2022/2555, the relevant entities shall establish and implement an incident handling policy laying down the roles, responsibilities, and procedures for detecting, analysing, containing or responding to, recovering from, documenting and reporting of incidents in a timely manner. | F25: § 30 Abs. 2 Nr. 2 BSIG | G25: A.5 .24 | H25: Yes | I25: In Scope | N25: =IF($I25<>"In Scope","",IF(COUNTA($J25:$L25)-COUNTIF($J25:$L25,"N/A")=0,"",(COUNTIF($J25:$L25,"Yes")+COUNTIF($J25:$L25,"Effective")+0.5*COUNTIF($J25:$L25,"Partial")+0.25*COUNTIF($J25:$L25,"Not Tested"))/(COUNTA($J25:$L25)-COUNTIF($J25:$L25,"N/A")))) | O25: =IF(OR($I25<>"In Scope",COUNTA($J25:$L25)=0),"",IF(COUNTIF($J25:$K25,"No")+COUNTIF($J25:$K25,"Partial")+COUNTIF($L25,"Partial")+COUNTIF($L25,"Not Tested")+COUNTIF($L25,"Ineffective")>0,"Yes","No")) | U25: =IF($O25<>"Yes","",Lists!$P$6&"-"&$A25)
A26: 3.1.2 | B26: 3 Incident handling | C26: 3.1 Incident handling policy | D26: The policy referred to in point 3.1.1 shall be coherent with the business continuity and disaster recovery plan referred to in point 4.1. The policy shall include: | E26: (a) a categorisation system for incidents that is consistent with the event assessment and classification carried out pursuant to point 3.4.1; (b) effective communication plans including for escalation and reporting; (c) assignment of roles to detect and appropriately respond to incidents to competent employees; (d) documents to be used in the course of incident detection and response such as incident response manuals, escalation charts, contact lists and templates. | F26: § 30 Abs. 2 Nr. 2 BSIG | G26: A.5 .24 | I26: In Scope | N26: =IF($I26<>"In Scope","",IF(COUNTA($J26:$L26)-COUNTIF($J26:$L26,"N/A")=0,"",(COUNTIF($J26:$L26,"Yes")+COUNTIF($J26:$L26,"Effective")+0.5*COUNTIF($J26:$L26,"Partial")+0.25*COUNTIF($J26:$L26,"Not Tested"))/(COUNTA($J26:$L26)-COUNTIF($J26:$L26,"N/A")))) | O26: =IF(OR($I26<>"In Scope",COUNTA($J26:$L26)=0),"",IF(COUNTIF($J26:$K26,"No")+COUNTIF($J26:$K26,"Partial")+COUNTIF($L26,"Partial")+COUNTIF($L26,"Not Tested")+COUNTIF($L26,"Ineffective")>0,"Yes","No")) | U26: =IF($O26<>"Yes","",Lists!$P$6&"-"&$A26)
A27: 3.1.3 | B27: 3 Incident handling | C27: 3.1 Incident handling policy | D27: The roles, responsibilities and procedures laid down in the policy shall be tested and reviewed and, where appropriate, updated at planned intervals and after significant incidents or significant changes to operations or risks. | F27: § 30 Abs. 2 Nr. 2 BSIG | G27: A.5 .24 | I27: In Scope | N27: =IF($I27<>"In Scope","",IF(COUNTA($J27:$L27)-COUNTIF($J27:$L27,"N/A")=0,"",(COUNTIF($J27:$L27,"Yes")+COUNTIF($J27:$L27,"Effective")+0.5*COUNTIF($J27:$L27,"Partial")+0.25*COUNTIF($J27:$L27,"Not Tested"))/(COUNTA($J27:$L27)-COUNTIF($J27:$L27,"N/A")))) | O27: =IF(OR($I27<>"In Scope",COUNTA($J27:$L27)=0),"",IF(COUNTIF($J27:$K27,"No")+COUNTIF($J27:$K27,"Partial")+COUNTIF($L27,"Partial")+COUNTIF($L27,"Not Tested")+COUNTIF($L27,"Ineffective")>0,"Yes","No")) | U27: =IF($O27<>"Yes","",Lists!$P$6&"-"&$A27)
A28: 3.2.1 | B28: 3 Incident handling | C28: 3.2 Monitoring and logging | D28: The relevant entities shall lay down procedures and use tools to monitor and log activities on their network and information systems to detect events that could be considered as incidents and respond accordingly to mitigate the impact. | F28: § 30 Abs. 2 Nr. 2 BSIG | G28: A.5.28, A.8.15, A.8.16, A.8.17 | H28: Yes | I28: In Scope | N28: =IF($I28<>"In Scope","",IF(COUNTA($J28:$L28)-COUNTIF($J28:$L28,"N/A")=0,"",(COUNTIF($J28:$L28,"Yes")+COUNTIF($J28:$L28,"Effective")+0.5*COUNTIF($J28:$L28,"Partial")+0.25*COUNTIF($J28:$L28,"Not Tested"))/(COUNTA($J28:$L28)-COUNTIF($J28:$L28,"N/A")))) | O28: =IF(OR($I28<>"In Scope",COUNTA($J28:$L28)=0),"",IF(COUNTIF($J28:$K28,"No")+COUNTIF($J28:$K28,"Partial")+COUNTIF($L28,"Partial")+COUNTIF($L28,"Not Tested")+COUNTIF($L28,"Ineffective")>0,"Yes","No")) | U28: =IF($O28<>"Yes","",Lists!$P$6&"-"&$A28)
A29: 3.2.2 | B29: 3 Incident handling | C29: 3.2 Monitoring and logging | D29: To the extent feasible, monitoring shall be automated and carried out either continuously or in periodic intervals, subject to business capabilities. The relevant entities shall implement their monitoring activities in a way which minimises false positives and false negatives. | F29: § 30 Abs. 2 Nr. 2 BSIG | G29: A.5.28, A.8.15, A.8.16, A.8.17 | I29: In Scope | N29: =IF($I29<>"In Scope","",IF(COUNTA($J29:$L29)-COUNTIF($J29:$L29,"N/A")=0,"",(COUNTIF($J29:$L29,"Yes")+COUNTIF($J29:$L29,"Effective")+0.5*COUNTIF($J29:$L29,"Partial")+0.25*COUNTIF($J29:$L29,"Not Tested"))/(COUNTA($J29:$L29)-COUNTIF($J29:$L29,"N/A")))) | O29: =IF(OR($I29<>"In Scope",COUNTA($J29:$L29)=0),"",IF(COUNTIF($J29:$K29,"No")+COUNTIF($J29:$K29,"Partial")+COUNTIF($L29,"Partial")+COUNTIF($L29,"Not Tested")+COUNTIF($L29,"Ineffective")>0,"Yes","No")) | U29: =IF($O29<>"Yes","",Lists!$P$6&"-"&$A29)
A30: 3.2.3 | B30: 3 Incident handling | C30: 3.2 Monitoring and logging | D30: Based on the procedures referred to in point 3.2.1, the relevant entities shall maintain, document, and review logs. The relevant entities shall establish a list of assets to be subject to logging based on the results of the risk assessment carried out pursuant to point 2.1. Where appropriate, logs shall include: | E30: (a) relevant outbound and inbound network traffic; (b) creation, modification or deletion of users of the relevant entities’ network and information systems and extension of the permissions; (c) access to systems and applications; (d) authentication-related events; (e) all privileged access to systems and applications, and activities performed by administrative accounts; (f) access or changes to critical configuration and backup files; (g) event logs and logs from security tools, such as antivirus, intrusion detection systems or firewalls; (h) use of system resources, as well as their performance; (i) physical access to facilities; (j) access to and use of their network equipment and devices; (k) activation, stopping and pausing of the various logs; (l) environmental events. | F30: § 30 Abs. 2 Nr. 2 BSIG | G30: A.5.28, A.8.15, A.8.16, A.8.17 | I30: In Scope | N30: =IF($I30<>"In Scope","",IF(COUNTA($J30:$L30)-COUNTIF($J30:$L30,"N/A")=0,"",(COUNTIF($J30:$L30,"Yes")+COUNTIF($J30:$L30,"Effective")+0.5*COUNTIF($J30:$L30,"Partial")+0.25*COUNTIF($J30:$L30,"Not Tested"))/(COUNTA($J30:$L30)-COUNTIF($J30:$L30,"N/A")))) | O30: =IF(OR($I30<>"In Scope",COUNTA($J30:$L30)=0),"",IF(COUNTIF($J30:$K30,"No")+COUNTIF($J30:$K30,"Partial")+COUNTIF($L30,"Partial")+COUNTIF($L30,"Not Tested")+COUNTIF($L30,"Ineffective")>0,"Yes","No")) | U30: =IF($O30<>"Yes","",Lists!$P$6&"-"&$A30)
A31: 3.2.4 | B31: 3 Incident handling | C31: 3.2 Monitoring and logging | D31: The logs shall be regularly reviewed for any unusual or unwanted trends. Where appropriate, the relevant entities shall lay down appropriate values for alarm thresholds. If the laid down values for alarm threshold are exceeded, an alarm shall be triggered, where appropriate, automatically. The relevant entities shall ensure that, in case of an alarm, a qualified and appropriate response is initiated in a timely manner. | F31: § 30 Abs. 2 Nr. 2 BSIG | G31: A.5.28, A.8.15, A.8.16, A.8.17 | I31: In Scope | N31: =IF($I31<>"In Scope","",IF(COUNTA($J31:$L31)-COUNTIF($J31:$L31,"N/A")=0,"",(COUNTIF($J31:$L31,"Yes")+COUNTIF($J31:$L31,"Effective")+0.5*COUNTIF($J31:$L31,"Partial")+0.25*COUNTIF($J31:$L31,"Not Tested"))/(COUNTA($J31:$L31)-COUNTIF($J31:$L31,"N/A")))) | O31: =IF(OR($I31<>"In Scope",COUNTA($J31:$L31)=0),"",IF(COUNTIF($J31:$K31,"No")+COUNTIF($J31:$K31,"Partial")+COUNTIF($L31,"Partial")+COUNTIF($L31,"Not Tested")+COUNTIF($L31,"Ineffective")>0,"Yes","No")) | U31: =IF($O31<>"Yes","",Lists!$P$6&"-"&$A31)
A32: 3.2.5 | B32: 3 Incident handling | C32: 3.2 Monitoring and logging | D32: The relevant entities shall maintain and back up logs for a predefined period and shall protect them from unauthorised access or changes. | F32: § 30 Abs. 2 Nr. 2 BSIG | G32: A.5.28, A.8.15, A.8.16, A.8.17 | I32: In Scope | N32: =IF($I32<>"In Scope","",IF(COUNTA($J32:$L32)-COUNTIF($J32:$L32,"N/A")=0,"",(COUNTIF($J32:$L32,"Yes")+COUNTIF($J32:$L32,"Effective")+0.5*COUNTIF($J32:$L32,"Partial")+0.25*COUNTIF($J32:$L32,"Not Tested"))/(COUNTA($J32:$L32)-COUNTIF($J32:$L32,"N/A")))) | O32: =IF(OR($I32<>"In Scope",COUNTA($J32:$L32)=0),"",IF(COUNTIF($J32:$K32,"No")+COUNTIF($J32:$K32,"Partial")+COUNTIF($L32,"Partial")+COUNTIF($L32,"Not Tested")+COUNTIF($L32,"Ineffective")>0,"Yes","No")) | U32: =IF($O32<>"Yes","",Lists!$P$6&"-"&$A32)
A33: 3.2.6 | B33: 3 Incident handling | C33: 3.2 Monitoring and logging | D33: To the extent feasible, the relevant entities shall ensure that all systems have synchronised time sources to be able to correlate logs between systems for event assessment. The relevant entities shall establish and keep a list of all assets that are being logged and ensure that monitoring and logging systems are redundant. The availability of the monitoring and logging systems shall be monitored independent of the systems they are monitoring. | F33: § 30 Abs. 2 Nr. 2 BSIG | G33: A.5.28, A.8.15, A.8.16, A.8.17 | I33: In Scope | N33: =IF($I33<>"In Scope","",IF(COUNTA($J33:$L33)-COUNTIF($J33:$L33,"N/A")=0,"",(COUNTIF($J33:$L33,"Yes")+COUNTIF($J33:$L33,"Effective")+0.5*COUNTIF($J33:$L33,"Partial")+0.25*COUNTIF($J33:$L33,"Not Tested"))/(COUNTA($J33:$L33)-COUNTIF($J33:$L33,"N/A")))) | O33: =IF(OR($I33<>"In Scope",COUNTA($J33:$L33)=0),"",IF(COUNTIF($J33:$K33,"No")+COUNTIF($J33:$K33,"Partial")+COUNTIF($L33,"Partial")+COUNTIF($L33,"Not Tested")+COUNTIF($L33,"Ineffective")>0,"Yes","No")) | U33: =IF($O33<>"Yes","",Lists!$P$6&"-"&$A33)
A34: 3.2.7 | B34: 3 Incident handling | C34: 3.2 Monitoring and logging | D34: The procedures as well as the list of assets that are being logged shall be reviewed and, where appropriate, updated at regular intervals and after significant incidents. | F34: § 30 Abs. 2 Nr. 2 BSIG | G34: A.5.28, A.8.15, A.8.16, A.8.17 | I34: In Scope | N34: =IF($I34<>"In Scope","",IF(COUNTA($J34:$L34)-COUNTIF($J34:$L34,"N/A")=0,"",(COUNTIF($J34:$L34,"Yes")+COUNTIF($J34:$L34,"Effective")+0.5*COUNTIF($J34:$L34,"Partial")+0.25*COUNTIF($J34:$L34,"Not Tested"))/(COUNTA($J34:$L34)-COUNTIF($J34:$L34,"N/A")))) | O34: =IF(OR($I34<>"In Scope",COUNTA($J34:$L34)=0),"",IF(COUNTIF($J34:$K34,"No")+COUNTIF($J34:$K34,"Partial")+COUNTIF($L34,"Partial")+COUNTIF($L34,"Not Tested")+COUNTIF($L34,"Ineffective")>0,"Yes","No")) | U34: =IF($O34<>"Yes","",Lists!$P$6&"-"&$A34)
A35: 3.3.1 | B35: 3 Incident handling | C35: 3.3 Event reporting | D35: The relevant entities shall put in place a simple mechanism allowing their employees, suppliers, and customers to report suspicious events. | F35: § 30 Abs. 2 Nr. 2 BSIG | G35: A.6.8 | H35: Yes | I35: In Scope | N35: =IF($I35<>"In Scope","",IF(COUNTA($J35:$L35)-COUNTIF($J35:$L35,"N/A")=0,"",(COUNTIF($J35:$L35,"Yes")+COUNTIF($J35:$L35,"Effective")+0.5*COUNTIF($J35:$L35,"Partial")+0.25*COUNTIF($J35:$L35,"Not Tested"))/(COUNTA($J35:$L35)-COUNTIF($J35:$L35,"N/A")))) | O35: =IF(OR($I35<>"In Scope",COUNTA($J35:$L35)=0),"",IF(COUNTIF($J35:$K35,"No")+COUNTIF($J35:$K35,"Partial")+COUNTIF($L35,"Partial")+COUNTIF($L35,"Not Tested")+COUNTIF($L35,"Ineffective")>0,"Yes","No")) | U35: =IF($O35<>"Yes","",Lists!$P$6&"-"&$A35)
A36: 3.3.2 | B36: 3 Incident handling | C36: 3.3 Event reporting | D36: The relevant entities shall, where appropriate, communicate the event reporting mechanism to their suppliers and customers, and shall regularly train their employees how to use the mechanism. | F36: § 30 Abs. 2 Nr. 2 BSIG | G36: A.6.8 | I36: In Scope | N36: =IF($I36<>"In Scope","",IF(COUNTA($J36:$L36)-COUNTIF($J36:$L36,"N/A")=0,"",(COUNTIF($J36:$L36,"Yes")+COUNTIF($J36:$L36,"Effective")+0.5*COUNTIF($J36:$L36,"Partial")+0.25*COUNTIF($J36:$L36,"Not Tested"))/(COUNTA($J36:$L36)-COUNTIF($J36:$L36,"N/A")))) | O36: =IF(OR($I36<>"In Scope",COUNTA($J36:$L36)=0),"",IF(COUNTIF($J36:$K36,"No")+COUNTIF($J36:$K36,"Partial")+COUNTIF($L36,"Partial")+COUNTIF($L36,"Not Tested")+COUNTIF($L36,"Ineffective")>0,"Yes","No")) | U36: =IF($O36<>"Yes","",Lists!$P$6&"-"&$A36)
A37: 3.4.1 | B37: 3 Incident handling | C37: 3.4 Event assessment and classification | D37: The relevant entities shall assess suspicious events to determine whether they constitute incidents and, if so, determine their nature and severity. | F37: § 30 Abs. 2 Nr. 2 BSIG | G37: A.5.25 | H37: Yes | I37: In Scope | N37: =IF($I37<>"In Scope","",IF(COUNTA($J37:$L37)-COUNTIF($J37:$L37,"N/A")=0,"",(COUNTIF($J37:$L37,"Yes")+COUNTIF($J37:$L37,"Effective")+0.5*COUNTIF($J37:$L37,"Partial")+0.25*COUNTIF($J37:$L37,"Not Tested"))/(COUNTA($J37:$L37)-COUNTIF($J37:$L37,"N/A")))) | O37: =IF(OR($I37<>"In Scope",COUNTA($J37:$L37)=0),"",IF(COUNTIF($J37:$K37,"No")+COUNTIF($J37:$K37,"Partial")+COUNTIF($L37,"Partial")+COUNTIF($L37,"Not Tested")+COUNTIF($L37,"Ineffective")>0,"Yes","No")) | U37: =IF($O37<>"Yes","",Lists!$P$6&"-"&$A37)
A38: 3.4.2 | B38: 3 Incident handling | C38: 3.4 Event assessment and classification | D38: For the purpose of point 3.4.1, the relevant entities shall act in the following manner: | E38: (a) carry out the assessment based on predefined criteria laid down in advance, and on a triage to determine prioritisation of incident containment and eradication; (b) assess the existence of recurring incidents as referred to in Article 4 of this Regulation on a quarterly basis; (c) review the appropriate logs for the purposes of event assessment and classification; (d) put in place a process for log correlation and analysis, and (e) reassess and reclassify events in case of new information becoming available or after analysis of previously available information. | F38: § 30 Abs. 2 Nr. 2 BSIG | G38: A.5.25 | I38: In Scope | N38: =IF($I38<>"In Scope","",IF(COUNTA($J38:$L38)-COUNTIF($J38:$L38,"N/A")=0,"",(COUNTIF($J38:$L38,"Yes")+COUNTIF($J38:$L38,"Effective")+0.5*COUNTIF($J38:$L38,"Partial")+0.25*COUNTIF($J38:$L38,"Not Tested"))/(COUNTA($J38:$L38)-COUNTIF($J38:$L38,"N/A")))) | O38: =IF(OR($I38<>"In Scope",COUNTA($J38:$L38)=0),"",IF(COUNTIF($J38:$K38,"No")+COUNTIF($J38:$K38,"Partial")+COUNTIF($L38,"Partial")+COUNTIF($L38,"Not Tested")+COUNTIF($L38,"Ineffective")>0,"Yes","No")) | U38: =IF($O38<>"Yes","",Lists!$P$6&"-"&$A38)
A39: 3.5.1 | B39: 3 Incident handling | C39: 3.5 Incident response | D39: The relevant entities shall respond to incidents in accordance with documented procedures and in a timely manner. | F39: § 30 Abs. 2 Nr. 2 BSIG | G39: A.5.26 | H39: Yes | I39: In Scope | N39: =IF($I39<>"In Scope","",IF(COUNTA($J39:$L39)-COUNTIF($J39:$L39,"N/A")=0,"",(COUNTIF($J39:$L39,"Yes")+COUNTIF($J39:$L39,"Effective")+0.5*COUNTIF($J39:$L39,"Partial")+0.25*COUNTIF($J39:$L39,"Not Tested"))/(COUNTA($J39:$L39)-COUNTIF($J39:$L39,"N/A")))) | O39: =IF(OR($I39<>"In Scope",COUNTA($J39:$L39)=0),"",IF(COUNTIF($J39:$K39,"No")+COUNTIF($J39:$K39,"Partial")+COUNTIF($L39,"Partial")+COUNTIF($L39,"Not Tested")+COUNTIF($L39,"Ineffective")>0,"Yes","No")) | U39: =IF($O39<>"Yes","",Lists!$P$6&"-"&$A39)
A40: 3.5.2 | B40: 3 Incident handling | C40: 3.5 Incident response | D40: The incident response procedures shall include the following stages: | E40: (a) incident containment, to prevent the consequences of the incident from spreading; (b) eradication, to prevent the incident from continuing or reappearing, (c) recovery from the incident, where necessary. | F40: § 30 Abs. 2 Nr. 2 BSIG | G40: A.5.26 | I40: In Scope | N40: =IF($I40<>"In Scope","",IF(COUNTA($J40:$L40)-COUNTIF($J40:$L40,"N/A")=0,"",(COUNTIF($J40:$L40,"Yes")+COUNTIF($J40:$L40,"Effective")+0.5*COUNTIF($J40:$L40,"Partial")+0.25*COUNTIF($J40:$L40,"Not Tested"))/(COUNTA($J40:$L40)-COUNTIF($J40:$L40,"N/A")))) | O40: =IF(OR($I40<>"In Scope",COUNTA($J40:$L40)=0),"",IF(COUNTIF($J40:$K40,"No")+COUNTIF($J40:$K40,"Partial")+COUNTIF($L40,"Partial")+COUNTIF($L40,"Not Tested")+COUNTIF($L40,"Ineffective")>0,"Yes","No")) | U40: =IF($O40<>"Yes","",Lists!$P$6&"-"&$A40)
A41: 3.5.3 | B41: 3 Incident handling | C41: 3.5 Incident response | D41: The relevant entities shall establish communication plans and procedures: | E41: (a) with the Computer Security Incident Response Teams (CSIRTs) or, where applicable, the competent authorities, related to incident notification; (b) for communication among staff members of the relevant entity, and for communication with relevant stakeholders external to the relevant entity. | F41: § 30 Abs. 2 Nr. 2 BSIG | G41: A.5.26 | I41: In Scope | N41: =IF($I41<>"In Scope","",IF(COUNTA($J41:$L41)-COUNTIF($J41:$L41,"N/A")=0,"",(COUNTIF($J41:$L41,"Yes")+COUNTIF($J41:$L41,"Effective")+0.5*COUNTIF($J41:$L41,"Partial")+0.25*COUNTIF($J41:$L41,"Not Tested"))/(COUNTA($J41:$L41)-COUNTIF($J41:$L41,"N/A")))) | O41: =IF(OR($I41<>"In Scope",COUNTA($J41:$L41)=0),"",IF(COUNTIF($J41:$K41,"No")+COUNTIF($J41:$K41,"Partial")+COUNTIF($L41,"Partial")+COUNTIF($L41,"Not Tested")+COUNTIF($L41,"Ineffective")>0,"Yes","No")) | U41: =IF($O41<>"Yes","",Lists!$P$6&"-"&$A41)
A42: 3.5.4 | B42: 3 Incident handling | C42: 3.5 Incident response | D42: The relevant entities shall log incident response activities in accordance with the procedures referred to in point 3.2.1, and record evidence. | F42: § 30 Abs. 2 Nr. 2 BSIG | G42: A.5.26 | I42: In Scope | N42: =IF($I42<>"In Scope","",IF(COUNTA($J42:$L42)-COUNTIF($J42:$L42,"N/A")=0,"",(COUNTIF($J42:$L42,"Yes")+COUNTIF($J42:$L42,"Effective")+0.5*COUNTIF($J42:$L42,"Partial")+0.25*COUNTIF($J42:$L42,"Not Tested"))/(COUNTA($J42:$L42)-COUNTIF($J42:$L42,"N/A")))) | O42: =IF(OR($I42<>"In Scope",COUNTA($J42:$L42)=0),"",IF(COUNTIF($J42:$K42,"No")+COUNTIF($J42:$K42,"Partial")+COUNTIF($L42,"Partial")+COUNTIF($L42,"Not Tested")+COUNTIF($L42,"Ineffective")>0,"Yes","No")) | U42: =IF($O42<>"Yes","",Lists!$P$6&"-"&$A42)
A43: 3.5.5 | B43: 3 Incident handling | C43: 3.5 Incident response | D43: The relevant entities shall test at planned intervals their incident response procedures. | F43: § 30 Abs. 2 Nr. 2 BSIG | G43: A.5.26 | I43: In Scope | N43: =IF($I43<>"In Scope","",IF(COUNTA($J43:$L43)-COUNTIF($J43:$L43,"N/A")=0,"",(COUNTIF($J43:$L43,"Yes")+COUNTIF($J43:$L43,"Effective")+0.5*COUNTIF($J43:$L43,"Partial")+0.25*COUNTIF($J43:$L43,"Not Tested"))/(COUNTA($J43:$L43)-COUNTIF($J43:$L43,"N/A")))) | O43: =IF(OR($I43<>"In Scope",COUNTA($J43:$L43)=0),"",IF(COUNTIF($J43:$K43,"No")+COUNTIF($J43:$K43,"Partial")+COUNTIF($L43,"Partial")+COUNTIF($L43,"Not Tested")+COUNTIF($L43,"Ineffective")>0,"Yes","No")) | U43: =IF($O43<>"Yes","",Lists!$P$6&"-"&$A43)
A44: 3.6.1 | B44: 3 Incident handling | C44: 3.6 Post-incident reviews | D44: Where appropriate, the relevant entities shall carry out post-incident reviews after recovery from incidents. The post- incident reviews shall identify, where possible, the root cause of the incident and result in documented lessons learned to reduce the occurrence and consequences of future incidents. | F44: § 30 Abs. 2 Nr. 2 BSIG | G44: A.5.27 | H44: Yes | I44: In Scope | N44: =IF($I44<>"In Scope","",IF(COUNTA($J44:$L44)-COUNTIF($J44:$L44,"N/A")=0,"",(COUNTIF($J44:$L44,"Yes")+COUNTIF($J44:$L44,"Effective")+0.5*COUNTIF($J44:$L44,"Partial")+0.25*COUNTIF($J44:$L44,"Not Tested"))/(COUNTA($J44:$L44)-COUNTIF($J44:$L44,"N/A")))) | O44: =IF(OR($I44<>"In Scope",COUNTA($J44:$L44)=0),"",IF(COUNTIF($J44:$K44,"No")+COUNTIF($J44:$K44,"Partial")+COUNTIF($L44,"Partial")+COUNTIF($L44,"Not Tested")+COUNTIF($L44,"Ineffective")>0,"Yes","No")) | U44: =IF($O44<>"Yes","",Lists!$P$6&"-"&$A44)
A45: 3.6.2 | B45: 3 Incident handling | C45: 3.6 Post-incident reviews | D45: The relevant entities shall ensure that post-incident reviews contribute to improving their approach to network and information security, to risk treatment measures, and to incident handling, detection and response procedures. | F45: § 30 Abs. 2 Nr. 2 BSIG | G45: A.5.27 | I45: In Scope | N45: =IF($I45<>"In Scope","",IF(COUNTA($J45:$L45)-COUNTIF($J45:$L45,"N/A")=0,"",(COUNTIF($J45:$L45,"Yes")+COUNTIF($J45:$L45,"Effective")+0.5*COUNTIF($J45:$L45,"Partial")+0.25*COUNTIF($J45:$L45,"Not Tested"))/(COUNTA($J45:$L45)-COUNTIF($J45:$L45,"N/A")))) | O45: =IF(OR($I45<>"In Scope",COUNTA($J45:$L45)=0),"",IF(COUNTIF($J45:$K45,"No")+COUNTIF($J45:$K45,"Partial")+COUNTIF($L45,"Partial")+COUNTIF($L45,"Not Tested")+COUNTIF($L45,"Ineffective")>0,"Yes","No")) | U45: =IF($O45<>"Yes","",Lists!$P$6&"-"&$A45)
A46: 3.6.3 | B46: 3 Incident handling | C46: 3.6 Post-incident reviews | D46: The relevant entities shall review at planned intervals if incidents led to post-incident reviews. | F46: § 30 Abs. 2 Nr. 2 BSIG | G46: A.5.27 | I46: In Scope | N46: =IF($I46<>"In Scope","",IF(COUNTA($J46:$L46)-COUNTIF($J46:$L46,"N/A")=0,"",(COUNTIF($J46:$L46,"Yes")+COUNTIF($J46:$L46,"Effective")+0.5*COUNTIF($J46:$L46,"Partial")+0.25*COUNTIF($J46:$L46,"Not Tested"))/(COUNTA($J46:$L46)-COUNTIF($J46:$L46,"N/A")))) | O46: =IF(OR($I46<>"In Scope",COUNTA($J46:$L46)=0),"",IF(COUNTIF($J46:$K46,"No")+COUNTIF($J46:$K46,"Partial")+COUNTIF($L46,"Partial")+COUNTIF($L46,"Not Tested")+COUNTIF($L46,"Ineffective")>0,"Yes","No")) | U46: =IF($O46<>"Yes","",Lists!$P$6&"-"&$A46)
A47: 4.1.1 | B47: 4 Business continuity and crisis management | C47: 4.1 Business continuity and disaster recovery plan | D47: For the purpose of Article 21(2), point (c) of Directive (EU) 2022/2555, the relevant entities shall lay down and maintain a business continuity and disaster recovery plan to apply in the case of incidents. | F47: § 30 Abs. 2 Nr. 3 BSIG | G47: A.5.29, A.5.30 | H47: Yes | I47: In Scope | N47: =IF($I47<>"In Scope","",IF(COUNTA($J47:$L47)-COUNTIF($J47:$L47,"N/A")=0,"",(COUNTIF($J47:$L47,"Yes")+COUNTIF($J47:$L47,"Effective")+0.5*COUNTIF($J47:$L47,"Partial")+0.25*COUNTIF($J47:$L47,"Not Tested"))/(COUNTA($J47:$L47)-COUNTIF($J47:$L47,"N/A")))) | O47: =IF(OR($I47<>"In Scope",COUNTA($J47:$L47)=0),"",IF(COUNTIF($J47:$K47,"No")+COUNTIF($J47:$K47,"Partial")+COUNTIF($L47,"Partial")+COUNTIF($L47,"Not Tested")+COUNTIF($L47,"Ineffective")>0,"Yes","No")) | U47: =IF($O47<>"Yes","",Lists!$P$6&"-"&$A47)
A48: 4.1.2 | B48: 4 Business continuity and crisis management | C48: 4.1 Business continuity and disaster recovery plan | D48: The relevant entities’ operations shall be restored according to the business continuity and disaster recovery plan. The plan shall be based on the results of the risk assessment carried out pursuant to point 2.1 and shall include, where appropriate, the following: | E48: (a) purpose, scope and audience; (b) roles and responsibilities; (c) key contacts and (internal and external) communication channels; (d) conditions for plan activation and deactivation; (e) order of recovery for operations; (f) recovery plans for specific operations, including recovery objectives; (g) required resources, including backups and redundancies; (h) restoring and resuming activities from temporary measures. | F48: § 30 Abs. 2 Nr. 3 BSIG | G48: A.5.29, A.5.30 | I48: In Scope | N48: =IF($I48<>"In Scope","",IF(COUNTA($J48:$L48)-COUNTIF($J48:$L48,"N/A")=0,"",(COUNTIF($J48:$L48,"Yes")+COUNTIF($J48:$L48,"Effective")+0.5*COUNTIF($J48:$L48,"Partial")+0.25*COUNTIF($J48:$L48,"Not Tested"))/(COUNTA($J48:$L48)-COUNTIF($J48:$L48,"N/A")))) | O48: =IF(OR($I48<>"In Scope",COUNTA($J48:$L48)=0),"",IF(COUNTIF($J48:$K48,"No")+COUNTIF($J48:$K48,"Partial")+COUNTIF($L48,"Partial")+COUNTIF($L48,"Not Tested")+COUNTIF($L48,"Ineffective")>0,"Yes","No")) | U48: =IF($O48<>"Yes","",Lists!$P$6&"-"&$A48)
A49: 4.1.3 | B49: 4 Business continuity and crisis management | C49: 4.1 Business continuity and disaster recovery plan | D49: The relevant entities shall carry out a business impact analysis to assess the potential impact of severe disruptions to their business operations and shall, based on the results of the business impact analysis, establish continuity requirements for the network and information systems. | F49: § 30 Abs. 2 Nr. 3 BSIG | G49: A.5.29, A.5.30 | I49: In Scope | N49: =IF($I49<>"In Scope","",IF(COUNTA($J49:$L49)-COUNTIF($J49:$L49,"N/A")=0,"",(COUNTIF($J49:$L49,"Yes")+COUNTIF($J49:$L49,"Effective")+0.5*COUNTIF($J49:$L49,"Partial")+0.25*COUNTIF($J49:$L49,"Not Tested"))/(COUNTA($J49:$L49)-COUNTIF($J49:$L49,"N/A")))) | O49: =IF(OR($I49<>"In Scope",COUNTA($J49:$L49)=0),"",IF(COUNTIF($J49:$K49,"No")+COUNTIF($J49:$K49,"Partial")+COUNTIF($L49,"Partial")+COUNTIF($L49,"Not Tested")+COUNTIF($L49,"Ineffective")>0,"Yes","No")) | U49: =IF($O49<>"Yes","",Lists!$P$6&"-"&$A49)
A50: 4.1.4 | B50: 4 Business continuity and crisis management | C50: 4.1 Business continuity and disaster recovery plan | D50: The business continuity plan and disaster recovery plan shall be tested, reviewed and, where appropriate, updated at planned intervals and following significant incidents or significant changes to operations or risks. The relevant entities shall ensure that the plans incorporate lessons learnt from such tests. | F50: § 30 Abs. 2 Nr. 3 BSIG | G50: A.5.29, A.5.30 | I50: In Scope | N50: =IF($I50<>"In Scope","",IF(COUNTA($J50:$L50)-COUNTIF($J50:$L50,"N/A")=0,"",(COUNTIF($J50:$L50,"Yes")+COUNTIF($J50:$L50,"Effective")+0.5*COUNTIF($J50:$L50,"Partial")+0.25*COUNTIF($J50:$L50,"Not Tested"))/(COUNTA($J50:$L50)-COUNTIF($J50:$L50,"N/A")))) | O50: =IF(OR($I50<>"In Scope",COUNTA($J50:$L50)=0),"",IF(COUNTIF($J50:$K50,"No")+COUNTIF($J50:$K50,"Partial")+COUNTIF($L50,"Partial")+COUNTIF($L50,"Not Tested")+COUNTIF($L50,"Ineffective")>0,"Yes","No")) | U50: =IF($O50<>"Yes","",Lists!$P$6&"-"&$A50)
A51: 4.2.1 | B51: 4 Business continuity and crisis management | C51: 4.2 Backup management | D51: The relevant entities shall maintain backup copies of data and provide sufficient available resources, including facilities, network and information systems and staff, to ensure an appropriate level of redundancy. | F51: § 30 Abs. 2 Nr. 3 BSIG | G51: A.8.13, A.8.14 | H51: Yes | I51: In Scope | N51: =IF($I51<>"In Scope","",IF(COUNTA($J51:$L51)-COUNTIF($J51:$L51,"N/A")=0,"",(COUNTIF($J51:$L51,"Yes")+COUNTIF($J51:$L51,"Effective")+0.5*COUNTIF($J51:$L51,"Partial")+0.25*COUNTIF($J51:$L51,"Not Tested"))/(COUNTA($J51:$L51)-COUNTIF($J51:$L51,"N/A")))) | O51: =IF(OR($I51<>"In Scope",COUNTA($J51:$L51)=0),"",IF(COUNTIF($J51:$K51,"No")+COUNTIF($J51:$K51,"Partial")+COUNTIF($L51,"Partial")+COUNTIF($L51,"Not Tested")+COUNTIF($L51,"Ineffective")>0,"Yes","No")) | U51: =IF($O51<>"Yes","",Lists!$P$6&"-"&$A51)
A52: 4.2.2 | B52: 4 Business continuity and crisis management | C52: 4.2 Backup management | D52: Based on the results of the risk assessment carried out pursuant to point 2.1 and the business continuity plan, the relevant entities shall lay down backup plans which include the following: | E52: (a) recovery times; (b) assurance that backup copies are complete and accurate, including configuration data and data stored in cloud computing service environment; (c) storing backup copies (online or offline) in a safe location or locations, which are not in the same network as the system, and are at sufficient distance to escape any damage from a disaster at the main site; (d) appropriate physical and logical access controls to backup copies, in accordance with the asset classification level; (e) restoring data from backup copies; (f) retention periods based on business and regulatory requirements. | F52: § 30 Abs. 2 Nr. 3 BSIG | G52: A.8.13, A.8.14 | I52: In Scope | N52: =IF($I52<>"In Scope","",IF(COUNTA($J52:$L52)-COUNTIF($J52:$L52,"N/A")=0,"",(COUNTIF($J52:$L52,"Yes")+COUNTIF($J52:$L52,"Effective")+0.5*COUNTIF($J52:$L52,"Partial")+0.25*COUNTIF($J52:$L52,"Not Tested"))/(COUNTA($J52:$L52)-COUNTIF($J52:$L52,"N/A")))) | O52: =IF(OR($I52<>"In Scope",COUNTA($J52:$L52)=0),"",IF(COUNTIF($J52:$K52,"No")+COUNTIF($J52:$K52,"Partial")+COUNTIF($L52,"Partial")+COUNTIF($L52,"Not Tested")+COUNTIF($L52,"Ineffective")>0,"Yes","No")) | U52: =IF($O52<>"Yes","",Lists!$P$6&"-"&$A52)
A53: 4.2.3 | B53: 4 Business continuity and crisis management | C53: 4.2 Backup management | D53: The relevant entities shall perform regular integrity checks on the backup copies. | F53: § 30 Abs. 2 Nr. 3 BSIG | G53: A.8.13, A.8.14 | I53: In Scope | N53: =IF($I53<>"In Scope","",IF(COUNTA($J53:$L53)-COUNTIF($J53:$L53,"N/A")=0,"",(COUNTIF($J53:$L53,"Yes")+COUNTIF($J53:$L53,"Effective")+0.5*COUNTIF($J53:$L53,"Partial")+0.25*COUNTIF($J53:$L53,"Not Tested"))/(COUNTA($J53:$L53)-COUNTIF($J53:$L53,"N/A")))) | O53: =IF(OR($I53<>"In Scope",COUNTA($J53:$L53)=0),"",IF(COUNTIF($J53:$K53,"No")+COUNTIF($J53:$K53,"Partial")+COUNTIF($L53,"Partial")+COUNTIF($L53,"Not Tested")+COUNTIF($L53,"Ineffective")>0,"Yes","No")) | U53: =IF($O53<>"Yes","",Lists!$P$6&"-"&$A53)
A54: 4.2.4 | B54: 4 Business continuity and crisis management | C54: 4.2 Backup management | D54: Based on the results of the risk assessment carried out pursuant to point 2.1 and the business continuity plan, the relevant entities shall ensure sufficient availability of resources by at least partial redundancy of the following: | E54: (a) network and information systems; (b) assets, including facilities, equipment and supplies; (c) personnel with the necessary responsibility, authority and competence; (d) appropriate communication channels. | F54: § 30 Abs. 2 Nr. 3 BSIG | G54: A.8.13, A.8.14 | I54: In Scope | N54: =IF($I54<>"In Scope","",IF(COUNTA($J54:$L54)-COUNTIF($J54:$L54,"N/A")=0,"",(COUNTIF($J54:$L54,"Yes")+COUNTIF($J54:$L54,"Effective")+0.5*COUNTIF($J54:$L54,"Partial")+0.25*COUNTIF($J54:$L54,"Not Tested"))/(COUNTA($J54:$L54)-COUNTIF($J54:$L54,"N/A")))) | O54: =IF(OR($I54<>"In Scope",COUNTA($J54:$L54)=0),"",IF(COUNTIF($J54:$K54,"No")+COUNTIF($J54:$K54,"Partial")+COUNTIF($L54,"Partial")+COUNTIF($L54,"Not Tested")+COUNTIF($L54,"Ineffective")>0,"Yes","No")) | U54: =IF($O54<>"Yes","",Lists!$P$6&"-"&$A54)
A55: 4.2.5 | B55: 4 Business continuity and crisis management | C55: 4.2 Backup management | D55: Where appropriate, the relevant entities shall ensure that monitoring and adjustment of resources, including facilities, systems and personnel, is duly informed by backup and redundancy requirements. | F55: § 30 Abs. 2 Nr. 3 BSIG | G55: A.8.13, A.8.14 | I55: In Scope | N55: =IF($I55<>"In Scope","",IF(COUNTA($J55:$L55)-COUNTIF($J55:$L55,"N/A")=0,"",(COUNTIF($J55:$L55,"Yes")+COUNTIF($J55:$L55,"Effective")+0.5*COUNTIF($J55:$L55,"Partial")+0.25*COUNTIF($J55:$L55,"Not Tested"))/(COUNTA($J55:$L55)-COUNTIF($J55:$L55,"N/A")))) | O55: =IF(OR($I55<>"In Scope",COUNTA($J55:$L55)=0),"",IF(COUNTIF($J55:$K55,"No")+COUNTIF($J55:$K55,"Partial")+COUNTIF($L55,"Partial")+COUNTIF($L55,"Not Tested")+COUNTIF($L55,"Ineffective")>0,"Yes","No")) | U55: =IF($O55<>"Yes","",Lists!$P$6&"-"&$A55)
A56: 4.2.6 | B56: 4 Business continuity and crisis management | C56: 4.2 Backup management | D56: The relevant entities shall carry out regular testing of the recovery of backup copies and redundancies to ensure that, in recovery conditions, they can be relied upon and cover the copies, processes and knowledge to perform an effective recovery. The relevant entities shall document the results of the tests and, where needed, take corrective action. | F56: § 30 Abs. 2 Nr. 3 BSIG | G56: A.8.13, A.8.14 | I56: In Scope | N56: =IF($I56<>"In Scope","",IF(COUNTA($J56:$L56)-COUNTIF($J56:$L56,"N/A")=0,"",(COUNTIF($J56:$L56,"Yes")+COUNTIF($J56:$L56,"Effective")+0.5*COUNTIF($J56:$L56,"Partial")+0.25*COUNTIF($J56:$L56,"Not Tested"))/(COUNTA($J56:$L56)-COUNTIF($J56:$L56,"N/A")))) | O56: =IF(OR($I56<>"In Scope",COUNTA($J56:$L56)=0),"",IF(COUNTIF($J56:$K56,"No")+COUNTIF($J56:$K56,"Partial")+COUNTIF($L56,"Partial")+COUNTIF($L56,"Not Tested")+COUNTIF($L56,"Ineffective")>0,"Yes","No")) | U56: =IF($O56<>"Yes","",Lists!$P$6&"-"&$A56)
A57: 4.3.1 | B57: 4 Business continuity and crisis management | C57: 4.3 Crisis management | D57: The relevant entities shall put in place a process for crisis management. | F57: § 30 Abs. 2 Nr. 3 BSIG | G57: A.5.26, A.5.29, A.5.30 | H57: Yes | I57: In Scope | N57: =IF($I57<>"In Scope","",IF(COUNTA($J57:$L57)-COUNTIF($J57:$L57,"N/A")=0,"",(COUNTIF($J57:$L57,"Yes")+COUNTIF($J57:$L57,"Effective")+0.5*COUNTIF($J57:$L57,"Partial")+0.25*COUNTIF($J57:$L57,"Not Tested"))/(COUNTA($J57:$L57)-COUNTIF($J57:$L57,"N/A")))) | O57: =IF(OR($I57<>"In Scope",COUNTA($J57:$L57)=0),"",IF(COUNTIF($J57:$K57,"No")+COUNTIF($J57:$K57,"Partial")+COUNTIF($L57,"Partial")+COUNTIF($L57,"Not Tested")+COUNTIF($L57,"Ineffective")>0,"Yes","No")) | U57: =IF($O57<>"Yes","",Lists!$P$6&"-"&$A57)
A58: 4.3.2 | B58: 4 Business continuity and crisis management | C58: 4.3 Crisis management | D58: The relevant entities shall ensure that the crisis management process addresses at least the following elements: | E58: (a) roles and responsibilities for personnel and, where appropriate, suppliers and service providers, specifying the allocation of roles in crisis situations, including specific steps to follow; (b) appropriate communication means between the relevant entities and relevant competent authorities; (c) application of appropriate measures to ensure the maintenance of network and information system security in crisis situations. For the purpose of point (b), the flow of information between the relevant entities and relevant competent authorities shall include both obligatory communications, such as incident reports and related timelines, and non- obligatory communications. | F58: § 30 Abs. 2 Nr. 3 BSIG | G58: A.5.26, A.5.29, A.5.30 | I58: In Scope | N58: =IF($I58<>"In Scope","",IF(COUNTA($J58:$L58)-COUNTIF($J58:$L58,"N/A")=0,"",(COUNTIF($J58:$L58,"Yes")+COUNTIF($J58:$L58,"Effective")+0.5*COUNTIF($J58:$L58,"Partial")+0.25*COUNTIF($J58:$L58,"Not Tested"))/(COUNTA($J58:$L58)-COUNTIF($J58:$L58,"N/A")))) | O58: =IF(OR($I58<>"In Scope",COUNTA($J58:$L58)=0),"",IF(COUNTIF($J58:$K58,"No")+COUNTIF($J58:$K58,"Partial")+COUNTIF($L58,"Partial")+COUNTIF($L58,"Not Tested")+COUNTIF($L58,"Ineffective")>0,"Yes","No")) | U58: =IF($O58<>"Yes","",Lists!$P$6&"-"&$A58)
A59: 4.3.3 | B59: 4 Business continuity and crisis management | C59: 4.3 Crisis management | D59: The relevant entities shall implement a process for managing and making use of information received from the CSIRTs or, where applicable, the competent authorities, concerning incidents, vulnerabilities, threats or possible mitigation measures. | F59: § 30 Abs. 2 Nr. 3 BSIG | G59: A.5.26, A.5.29, A.5.30 | I59: In Scope | N59: =IF($I59<>"In Scope","",IF(COUNTA($J59:$L59)-COUNTIF($J59:$L59,"N/A")=0,"",(COUNTIF($J59:$L59,"Yes")+COUNTIF($J59:$L59,"Effective")+0.5*COUNTIF($J59:$L59,"Partial")+0.25*COUNTIF($J59:$L59,"Not Tested"))/(COUNTA($J59:$L59)-COUNTIF($J59:$L59,"N/A")))) | O59: =IF(OR($I59<>"In Scope",COUNTA($J59:$L59)=0),"",IF(COUNTIF($J59:$K59,"No")+COUNTIF($J59:$K59,"Partial")+COUNTIF($L59,"Partial")+COUNTIF($L59,"Not Tested")+COUNTIF($L59,"Ineffective")>0,"Yes","No")) | U59: =IF($O59<>"Yes","",Lists!$P$6&"-"&$A59)
A60: 4.3.4 | B60: 4 Business continuity and crisis management | C60: 4.3 Crisis management | D60: The relevant entities shall test, review and, where appropriate, update the crisis management plan on a regular basis or following significant incidents or significant changes to operations or risks. | F60: § 30 Abs. 2 Nr. 3 BSIG | G60: A.5.26, A.5.29, A.5.30 | I60: In Scope | N60: =IF($I60<>"In Scope","",IF(COUNTA($J60:$L60)-COUNTIF($J60:$L60,"N/A")=0,"",(COUNTIF($J60:$L60,"Yes")+COUNTIF($J60:$L60,"Effective")+0.5*COUNTIF($J60:$L60,"Partial")+0.25*COUNTIF($J60:$L60,"Not Tested"))/(COUNTA($J60:$L60)-COUNTIF($J60:$L60,"N/A")))) | O60: =IF(OR($I60<>"In Scope",COUNTA($J60:$L60)=0),"",IF(COUNTIF($J60:$K60,"No")+COUNTIF($J60:$K60,"Partial")+COUNTIF($L60,"Partial")+COUNTIF($L60,"Not Tested")+COUNTIF($L60,"Ineffective")>0,"Yes","No")) | U60: =IF($O60<>"Yes","",Lists!$P$6&"-"&$A60)
A61: 5.1.1 | B61: 5 Supply chain security | C61: 5.1 Supply chain security policy | D61: For the purpose of Article 21(2), point (d) of Directive (EU) 2022/2555, the relevant entities shall establish, implement and apply a supply chain security policy which governs the relations with their direct suppliers and service providers in order to mitigate the identified risks to the security of network and information systems. In the supply chain security policy, the relevant entities shall identify their role in the supply chain and communicate it to their direct suppliers and service providers. | F61: § 30 Abs. 2 Nr. 4 BSIG | G61: A.5.19, A.5.20, A.5.21, A.8.30 | H61: Yes | I61: In Scope | N61: =IF($I61<>"In Scope","",IF(COUNTA($J61:$L61)-COUNTIF($J61:$L61,"N/A")=0,"",(COUNTIF($J61:$L61,"Yes")+COUNTIF($J61:$L61,"Effective")+0.5*COUNTIF($J61:$L61,"Partial")+0.25*COUNTIF($J61:$L61,"Not Tested"))/(COUNTA($J61:$L61)-COUNTIF($J61:$L61,"N/A")))) | O61: =IF(OR($I61<>"In Scope",COUNTA($J61:$L61)=0),"",IF(COUNTIF($J61:$K61,"No")+COUNTIF($J61:$K61,"Partial")+COUNTIF($L61,"Partial")+COUNTIF($L61,"Not Tested")+COUNTIF($L61,"Ineffective")>0,"Yes","No")) | U61: =IF($O61<>"Yes","",Lists!$P$6&"-"&$A61)
A62: 5.1.2 | B62: 5 Supply chain security | C62: 5.1 Supply chain security policy | D62: As part of the supply chain security policy referred to in point 5.1.1, the relevant entities shall lay down criteria to select and contract suppliers and service providers. Those criteria shall include the following: | E62: (a) the cybersecurity practices of the suppliers and service providers, including their secure development procedures; (b) the ability of the suppliers and service providers to meet cybersecurity specifications set by the relevant entities; (c) the overall quality and resilience of ICT products and ICT services and the cybersecurity risk-management measures embedded in them, including the risks and classification level of the ICT products and ICT services; (d) the ability of the relevant entities to diversify sources of supply and limit vendor lock-in, where applicable. | F62: § 30 Abs. 2 Nr. 4 BSIG | G62: A.5.19, A.5.20, A.5.21, A.8.30 | I62: In Scope | N62: =IF($I62<>"In Scope","",IF(COUNTA($J62:$L62)-COUNTIF($J62:$L62,"N/A")=0,"",(COUNTIF($J62:$L62,"Yes")+COUNTIF($J62:$L62,"Effective")+0.5*COUNTIF($J62:$L62,"Partial")+0.25*COUNTIF($J62:$L62,"Not Tested"))/(COUNTA($J62:$L62)-COUNTIF($J62:$L62,"N/A")))) | O62: =IF(OR($I62<>"In Scope",COUNTA($J62:$L62)=0),"",IF(COUNTIF($J62:$K62,"No")+COUNTIF($J62:$K62,"Partial")+COUNTIF($L62,"Partial")+COUNTIF($L62,"Not Tested")+COUNTIF($L62,"Ineffective")>0,"Yes","No")) | U62: =IF($O62<>"Yes","",Lists!$P$6&"-"&$A62)
A63: 5.1.3 | B63: 5 Supply chain security | C63: 5.1 Supply chain security policy | D63: When establishing their supply chain security policy, relevant entities shall take into account the results of the coordinated security risk assessments of critical supply chains carried out in accordance with Article 22(1) of Directive (EU) 2022/2555, where applicable. | F63: § 30 Abs. 2 Nr. 4 BSIG | G63: A.5.19, A.5.20, A.5.21, A.8.30 | I63: In Scope | N63: =IF($I63<>"In Scope","",IF(COUNTA($J63:$L63)-COUNTIF($J63:$L63,"N/A")=0,"",(COUNTIF($J63:$L63,"Yes")+COUNTIF($J63:$L63,"Effective")+0.5*COUNTIF($J63:$L63,"Partial")+0.25*COUNTIF($J63:$L63,"Not Tested"))/(COUNTA($J63:$L63)-COUNTIF($J63:$L63,"N/A")))) | O63: =IF(OR($I63<>"In Scope",COUNTA($J63:$L63)=0),"",IF(COUNTIF($J63:$K63,"No")+COUNTIF($J63:$K63,"Partial")+COUNTIF($L63,"Partial")+COUNTIF($L63,"Not Tested")+COUNTIF($L63,"Ineffective")>0,"Yes","No")) | U63: =IF($O63<>"Yes","",Lists!$P$6&"-"&$A63)
A64: 5.1.4 | B64: 5 Supply chain security | C64: 5.1 Supply chain security policy | D64: Based on the supply chain security policy and taking into account the results of the risk assessment carried out in accordance with point 2.1 of this Annex, the relevant entities shall ensure that their contracts with the suppliers and service providers specify, where appropriate through service level agreements, the following, where appropriate: | E64: (a) cybersecurity requirements for the suppliers or service providers, including requirements as regards the security in acquisition of ICT services or ICT products set out in point 6.1; (b) requirements regarding awareness, skills and training, and where appropriate certifications, required from the suppliers’ or service providers’ employees; (c) requirements regarding the verification of the background of the suppliers’ and service providers’ employees; (d) an obligation on suppliers and service providers to notify, without undue delay, the relevant entities of incidents that present a risk to the security of the network and information systems of those entities; (e) the right to audit or right to receive audit reports; (f) an obligation on suppliers and service providers to handle vulnerabilities that present a risk to the security of the network and information systems of the relevant entities; (g) requirements regarding subcontracting and, where the relevant entities allow subcontracting, cybersecurity requirements for subcontractors in accordance with the cybersecurity requirements referred to in point (a); (h) obligations on the suppliers and service providers at the termination of the contract, such as retrieval and disposal of the information obtained by the suppliers and service providers in the exercise of their tasks. | F64: § 30 Abs. 2 Nr. 4 BSIG | G64: A.5.19, A.5.20, A.5.21, A.8.30 | I64: In Scope | N64: =IF($I64<>"In Scope","",IF(COUNTA($J64:$L64)-COUNTIF($J64:$L64,"N/A")=0,"",(COUNTIF($J64:$L64,"Yes")+COUNTIF($J64:$L64,"Effective")+0.5*COUNTIF($J64:$L64,"Partial")+0.25*COUNTIF($J64:$L64,"Not Tested"))/(COUNTA($J64:$L64)-COUNTIF($J64:$L64,"N/A")))) | O64: =IF(OR($I64<>"In Scope",COUNTA($J64:$L64)=0),"",IF(COUNTIF($J64:$K64,"No")+COUNTIF($J64:$K64,"Partial")+COUNTIF($L64,"Partial")+COUNTIF($L64,"Not Tested")+COUNTIF($L64,"Ineffective")>0,"Yes","No")) | U64: =IF($O64<>"Yes","",Lists!$P$6&"-"&$A64)
A65: 5.1.5 | B65: 5 Supply chain security | C65: 5.1 Supply chain security policy | D65: The relevant entities shall take into account the elements referred to in point 5.1.2 and 5.1.3 as part of the selection process of new suppliers and service providers, as well as part of the procurement process referred to in point 6.1. | F65: § 30 Abs. 2 Nr. 4 BSIG | G65: A.5.19, A.5.20, A.5.21, A.8.30 | I65: In Scope | N65: =IF($I65<>"In Scope","",IF(COUNTA($J65:$L65)-COUNTIF($J65:$L65,"N/A")=0,"",(COUNTIF($J65:$L65,"Yes")+COUNTIF($J65:$L65,"Effective")+0.5*COUNTIF($J65:$L65,"Partial")+0.25*COUNTIF($J65:$L65,"Not Tested"))/(COUNTA($J65:$L65)-COUNTIF($J65:$L65,"N/A")))) | O65: =IF(OR($I65<>"In Scope",COUNTA($J65:$L65)=0),"",IF(COUNTIF($J65:$K65,"No")+COUNTIF($J65:$K65,"Partial")+COUNTIF($L65,"Partial")+COUNTIF($L65,"Not Tested")+COUNTIF($L65,"Ineffective")>0,"Yes","No")) | U65: =IF($O65<>"Yes","",Lists!$P$6&"-"&$A65)
A66: 5.1.6 | B66: 5 Supply chain security | C66: 5.1 Supply chain security policy | D66: The relevant entities shall review the supply chain security policy, and monitor, evaluate and, where necessary, act upon changes in the cybersecurity practices of suppliers and service providers, at planned intervals and when significant changes to operations or risks or significant incidents related to the provision of ICT services or having impact on the security of the ICT products from suppliers and service providers occur. | F66: § 30 Abs. 2 Nr. 4 BSIG | G66: A.5.19, A.5.20, A.5.21, A.8.30 | I66: In Scope | N66: =IF($I66<>"In Scope","",IF(COUNTA($J66:$L66)-COUNTIF($J66:$L66,"N/A")=0,"",(COUNTIF($J66:$L66,"Yes")+COUNTIF($J66:$L66,"Effective")+0.5*COUNTIF($J66:$L66,"Partial")+0.25*COUNTIF($J66:$L66,"Not Tested"))/(COUNTA($J66:$L66)-COUNTIF($J66:$L66,"N/A")))) | O66: =IF(OR($I66<>"In Scope",COUNTA($J66:$L66)=0),"",IF(COUNTIF($J66:$K66,"No")+COUNTIF($J66:$K66,"Partial")+COUNTIF($L66,"Partial")+COUNTIF($L66,"Not Tested")+COUNTIF($L66,"Ineffective")>0,"Yes","No")) | U66: =IF($O66<>"Yes","",Lists!$P$6&"-"&$A66)
A67: 5.1.7 | B67: 5 Supply chain security | C67: 5.1 Supply chain security policy | D67: For the purpose of point 5.1.6, the relevant entities shall: | E67: (a) regularly monitor reports on the implementation of the service level agreements, where applicable; (b) review incidents related to ICT products and ICT services from suppliers and service providers; (c) assess the need for unscheduled reviews and document the findings in a comprehensible manner; (d) analyse the risks presented by changes related to ICT products and ICT services from suppliers and service providers and, where appropriate, take mitigating measures in a timely manner. | F67: § 30 Abs. 2 Nr. 4 BSIG | G67: A.5.19, A.5.20, A.5.21, A.8.30 | I67: In Scope | N67: =IF($I67<>"In Scope","",IF(COUNTA($J67:$L67)-COUNTIF($J67:$L67,"N/A")=0,"",(COUNTIF($J67:$L67,"Yes")+COUNTIF($J67:$L67,"Effective")+0.5*COUNTIF($J67:$L67,"Partial")+0.25*COUNTIF($J67:$L67,"Not Tested"))/(COUNTA($J67:$L67)-COUNTIF($J67:$L67,"N/A")))) | O67: =IF(OR($I67<>"In Scope",COUNTA($J67:$L67)=0),"",IF(COUNTIF($J67:$K67,"No")+COUNTIF($J67:$K67,"Partial")+COUNTIF($L67,"Partial")+COUNTIF($L67,"Not Tested")+COUNTIF($L67,"Ineffective")>0,"Yes","No")) | U67: =IF($O67<>"Yes","",Lists!$P$6&"-"&$A67)
A68: 5.2 | B68: 5 Supply chain security | C68: 5.2 Directory of suppliers and service providers | D68: The relevant entities shall maintain and keep up to date a registry of their direct suppliers and service providers, including: | E68: (a) contact points for each direct supplier and service provider; (b) a list of ICT products, ICT services, and ICT processes provided by the direct supplier or service provider to the relevant entities. | F68: § 30 Abs. 2 Nr. 4 BSIG | G68: A.5.22 | H68: Yes | I68: In Scope | N68: =IF($I68<>"In Scope","",IF(COUNTA($J68:$L68)-COUNTIF($J68:$L68,"N/A")=0,"",(COUNTIF($J68:$L68,"Yes")+COUNTIF($J68:$L68,"Effective")+0.5*COUNTIF($J68:$L68,"Partial")+0.25*COUNTIF($J68:$L68,"Not Tested"))/(COUNTA($J68:$L68)-COUNTIF($J68:$L68,"N/A")))) | O68: =IF(OR($I68<>"In Scope",COUNTA($J68:$L68)=0),"",IF(COUNTIF($J68:$K68,"No")+COUNTIF($J68:$K68,"Partial")+COUNTIF($L68,"Partial")+COUNTIF($L68,"Not Tested")+COUNTIF($L68,"Ineffective")>0,"Yes","No")) | U68: =IF($O68<>"Yes","",Lists!$P$6&"-"&$A68)
A69: 6.1.1 | B69: 6 Security in network and information systems acquisition, development and maintenance | C69: 6.1 Security in acquisition of ICT services, ICT systems or ICT products | D69: For the purpose of Article 21(2), point (e) of Directive (EU) 2022/2555, the relevant entities shall set and implement processes to manage risks stemming from the acquisition of ICT services or ICT products for components that are critical for the relevant entities’ security of network and information systems, based on the risk assessment carried out pursuant to point 2.1, from suppliers or service providers throughout their life cycle. | F69: § 30 Abs. 2 Nr. 5 BSIG | G69: A.5.21, A.5.23 | H69: Yes | I69: In Scope | N69: =IF($I69<>"In Scope","",IF(COUNTA($J69:$L69)-COUNTIF($J69:$L69,"N/A")=0,"",(COUNTIF($J69:$L69,"Yes")+COUNTIF($J69:$L69,"Effective")+0.5*COUNTIF($J69:$L69,"Partial")+0.25*COUNTIF($J69:$L69,"Not Tested"))/(COUNTA($J69:$L69)-COUNTIF($J69:$L69,"N/A")))) | O69: =IF(OR($I69<>"In Scope",COUNTA($J69:$L69)=0),"",IF(COUNTIF($J69:$K69,"No")+COUNTIF($J69:$K69,"Partial")+COUNTIF($L69,"Partial")+COUNTIF($L69,"Not Tested")+COUNTIF($L69,"Ineffective")>0,"Yes","No")) | U69: =IF($O69<>"Yes","",Lists!$P$6&"-"&$A69)
A70: 6.1.2 | B70: 6 Security in network and information systems acquisition, development and maintenance | C70: 6.1 Security in acquisition of ICT services, ICT systems or ICT products | D70: For the purpose of point 6.1.1, the processes referred to in point 6.1.1 shall include: | E70: (a) security requirements to apply to the ICT services or ICT products to be acquired; (b) requirements regarding security updates throughout the entire lifetime of the ICT services or ICT products, or replacement after the end of the support period; (c) information describing the hardware and software components used in the ICT services or ICT products; (d) information describing the implemented cybersecurity functions of the ICT services or ICT products and the configuration required for their secure operation; (e) assurance that the ICT services or ICT products comply with the security requirements according to point (a); (f) methods for validating that the delivered ICT services or ICT products are compliant to the stated security requirements, as well as documentation of the results of the validation. | F70: § 30 Abs. 2 Nr. 5 BSIG | G70: A.5.21, A.5.23 | I70: In Scope | N70: =IF($I70<>"In Scope","",IF(COUNTA($J70:$L70)-COUNTIF($J70:$L70,"N/A")=0,"",(COUNTIF($J70:$L70,"Yes")+COUNTIF($J70:$L70,"Effective")+0.5*COUNTIF($J70:$L70,"Partial")+0.25*COUNTIF($J70:$L70,"Not Tested"))/(COUNTA($J70:$L70)-COUNTIF($J70:$L70,"N/A")))) | O70: =IF(OR($I70<>"In Scope",COUNTA($J70:$L70)=0),"",IF(COUNTIF($J70:$K70,"No")+COUNTIF($J70:$K70,"Partial")+COUNTIF($L70,"Partial")+COUNTIF($L70,"Not Tested")+COUNTIF($L70,"Ineffective")>0,"Yes","No")) | U70: =IF($O70<>"Yes","",Lists!$P$6&"-"&$A70)
A71: 6.1.3 | B71: 6 Security in network and information systems acquisition, development and maintenance | C71: 6.1 Security in acquisition of ICT services, ICT systems or ICT products | D71: The relevant entities shall review and, where appropriate, update the processes at planned intervals and when significant incidents occur. | F71: § 30 Abs. 2 Nr. 5 BSIG | G71: A.5.21, A.5.23 | I71: In Scope | N71: =IF($I71<>"In Scope","",IF(COUNTA($J71:$L71)-COUNTIF($J71:$L71,"N/A")=0,"",(COUNTIF($J71:$L71,"Yes")+COUNTIF($J71:$L71,"Effective")+0.5*COUNTIF($J71:$L71,"Partial")+0.25*COUNTIF($J71:$L71,"Not Tested"))/(COUNTA($J71:$L71)-COUNTIF($J71:$L71,"N/A")))) | O71: =IF(OR($I71<>"In Scope",COUNTA($J71:$L71)=0),"",IF(COUNTIF($J71:$K71,"No")+COUNTIF($J71:$K71,"Partial")+COUNTIF($L71,"Partial")+COUNTIF($L71,"Not Tested")+COUNTIF($L71,"Ineffective")>0,"Yes","No")) | U71: =IF($O71<>"Yes","",Lists!$P$6&"-"&$A71)
A72: 6.2.1 | B72: 6 Security in network and information systems acquisition, development and maintenance | C72: 6.2 Secure development life cycle | D72: Before developing a network and information system, including software, the relevant entities shall lay down rules for the secure development of network and information systems and apply them when developing network and information systems in-house, or when outsourcing the development of network and information systems. The rules shall cover all development phases, including specification, design, development, implementation and testing. | F72: § 30 Abs. 2 Nr. 5 BSIG | G72: A.8.25, A.8.31 | H72: Yes | I72: In Scope | N72: =IF($I72<>"In Scope","",IF(COUNTA($J72:$L72)-COUNTIF($J72:$L72,"N/A")=0,"",(COUNTIF($J72:$L72,"Yes")+COUNTIF($J72:$L72,"Effective")+0.5*COUNTIF($J72:$L72,"Partial")+0.25*COUNTIF($J72:$L72,"Not Tested"))/(COUNTA($J72:$L72)-COUNTIF($J72:$L72,"N/A")))) | O72: =IF(OR($I72<>"In Scope",COUNTA($J72:$L72)=0),"",IF(COUNTIF($J72:$K72,"No")+COUNTIF($J72:$K72,"Partial")+COUNTIF($L72,"Partial")+COUNTIF($L72,"Not Tested")+COUNTIF($L72,"Ineffective")>0,"Yes","No")) | U72: =IF($O72<>"Yes","",Lists!$P$6&"-"&$A72)
A73: 6.2.2 | B73: 6 Security in network and information systems acquisition, development and maintenance | C73: 6.2 Secure development life cycle | D73: For the purpose of point 6.2.1, the relevant entities shall: | E73: (a) carry out an analysis of security requirements at the specification and design phases of any development or acquisition project undertaken by the relevant entities or on behalf of those entities; (b) apply principles for engineering secure systems and secure coding principles to any information system development activities such as promoting cybersecurity-by-design, zero-trust architectures; (c) lay down security requirements regarding development environments; (d) establish and implement security testing processes in the development life cycle; (e) appropriately select, protect and manage security test data; (f) sanitise and anonymise testing data according to the risk assessment carried out pursuant to point 2.1. | F73: § 30 Abs. 2 Nr. 5 BSIG | G73: A.8.25, A.8.31 | I73: In Scope | N73: =IF($I73<>"In Scope","",IF(COUNTA($J73:$L73)-COUNTIF($J73:$L73,"N/A")=0,"",(COUNTIF($J73:$L73,"Yes")+COUNTIF($J73:$L73,"Effective")+0.5*COUNTIF($J73:$L73,"Partial")+0.25*COUNTIF($J73:$L73,"Not Tested"))/(COUNTA($J73:$L73)-COUNTIF($J73:$L73,"N/A")))) | O73: =IF(OR($I73<>"In Scope",COUNTA($J73:$L73)=0),"",IF(COUNTIF($J73:$K73,"No")+COUNTIF($J73:$K73,"Partial")+COUNTIF($L73,"Partial")+COUNTIF($L73,"Not Tested")+COUNTIF($L73,"Ineffective")>0,"Yes","No")) | U73: =IF($O73<>"Yes","",Lists!$P$6&"-"&$A73)
A74: 6.2.3 | B74: 6 Security in network and information systems acquisition, development and maintenance | C74: 6.2 Secure development life cycle | D74: For outsourced development of network and information systems, the relevant entities shall also apply the policies and procedures referred to in points 5 and 6.1. | F74: § 30 Abs. 2 Nr. 5 BSIG | G74: A.8.25, A.8.31 | I74: In Scope | N74: =IF($I74<>"In Scope","",IF(COUNTA($J74:$L74)-COUNTIF($J74:$L74,"N/A")=0,"",(COUNTIF($J74:$L74,"Yes")+COUNTIF($J74:$L74,"Effective")+0.5*COUNTIF($J74:$L74,"Partial")+0.25*COUNTIF($J74:$L74,"Not Tested"))/(COUNTA($J74:$L74)-COUNTIF($J74:$L74,"N/A")))) | O74: =IF(OR($I74<>"In Scope",COUNTA($J74:$L74)=0),"",IF(COUNTIF($J74:$K74,"No")+COUNTIF($J74:$K74,"Partial")+COUNTIF($L74,"Partial")+COUNTIF($L74,"Not Tested")+COUNTIF($L74,"Ineffective")>0,"Yes","No")) | U74: =IF($O74<>"Yes","",Lists!$P$6&"-"&$A74)
A75: 6.2.4 | B75: 6 Security in network and information systems acquisition, development and maintenance | C75: 6.2 Secure development life cycle | D75: The relevant entities shall review and, where necessary, update their secure development rules at planned intervals. | F75: § 30 Abs. 2 Nr. 5 BSIG | G75: A.8.25, A.8.31 | I75: In Scope | N75: =IF($I75<>"In Scope","",IF(COUNTA($J75:$L75)-COUNTIF($J75:$L75,"N/A")=0,"",(COUNTIF($J75:$L75,"Yes")+COUNTIF($J75:$L75,"Effective")+0.5*COUNTIF($J75:$L75,"Partial")+0.25*COUNTIF($J75:$L75,"Not Tested"))/(COUNTA($J75:$L75)-COUNTIF($J75:$L75,"N/A")))) | O75: =IF(OR($I75<>"In Scope",COUNTA($J75:$L75)=0),"",IF(COUNTIF($J75:$K75,"No")+COUNTIF($J75:$K75,"Partial")+COUNTIF($L75,"Partial")+COUNTIF($L75,"Not Tested")+COUNTIF($L75,"Ineffective")>0,"Yes","No")) | U75: =IF($O75<>"Yes","",Lists!$P$6&"-"&$A75)
A76: 6.3.1 | B76: 6 Security in network and information systems acquisition, development and maintenance | C76: 6.3 Configuration management | D76: The relevant entities shall take the appropriate measures to establish, document, implement, and monitor configurations, including security configurations of hardware, software, services and networks. | F76: § 30 Abs. 2 Nr. 5 BSIG | G76: A.8.9 | H76: Yes | I76: In Scope | N76: =IF($I76<>"In Scope","",IF(COUNTA($J76:$L76)-COUNTIF($J76:$L76,"N/A")=0,"",(COUNTIF($J76:$L76,"Yes")+COUNTIF($J76:$L76,"Effective")+0.5*COUNTIF($J76:$L76,"Partial")+0.25*COUNTIF($J76:$L76,"Not Tested"))/(COUNTA($J76:$L76)-COUNTIF($J76:$L76,"N/A")))) | O76: =IF(OR($I76<>"In Scope",COUNTA($J76:$L76)=0),"",IF(COUNTIF($J76:$K76,"No")+COUNTIF($J76:$K76,"Partial")+COUNTIF($L76,"Partial")+COUNTIF($L76,"Not Tested")+COUNTIF($L76,"Ineffective")>0,"Yes","No")) | U76: =IF($O76<>"Yes","",Lists!$P$6&"-"&$A76)
A77: 6.3.2 | B77: 6 Security in network and information systems acquisition, development and maintenance | C77: 6.3 Configuration management | D77: For the purpose of point 6.3.1, the relevant entities shall: | E77: (a) lay down and ensure security in configurations for their hardware, software, services and networks; (b) lay down and implement processes and tools to enforce the laid down secure configurations for hardware, software, services and networks, for newly installed systems as well as for systems in operation over their lifetime. | F77: § 30 Abs. 2 Nr. 5 BSIG | G77: A.8.9 | I77: In Scope | N77: =IF($I77<>"In Scope","",IF(COUNTA($J77:$L77)-COUNTIF($J77:$L77,"N/A")=0,"",(COUNTIF($J77:$L77,"Yes")+COUNTIF($J77:$L77,"Effective")+0.5*COUNTIF($J77:$L77,"Partial")+0.25*COUNTIF($J77:$L77,"Not Tested"))/(COUNTA($J77:$L77)-COUNTIF($J77:$L77,"N/A")))) | O77: =IF(OR($I77<>"In Scope",COUNTA($J77:$L77)=0),"",IF(COUNTIF($J77:$K77,"No")+COUNTIF($J77:$K77,"Partial")+COUNTIF($L77,"Partial")+COUNTIF($L77,"Not Tested")+COUNTIF($L77,"Ineffective")>0,"Yes","No")) | U77: =IF($O77<>"Yes","",Lists!$P$6&"-"&$A77)
A78: 6.3.3 | B78: 6 Security in network and information systems acquisition, development and maintenance | C78: 6.3 Configuration management | D78: The relevant entities shall review and, where appropriate, update configurations at planned intervals or when significant incidents or significant changes to operations or risks occur. | F78: § 30 Abs. 2 Nr. 5 BSIG | G78: A.8.9 | I78: In Scope | N78: =IF($I78<>"In Scope","",IF(COUNTA($J78:$L78)-COUNTIF($J78:$L78,"N/A")=0,"",(COUNTIF($J78:$L78,"Yes")+COUNTIF($J78:$L78,"Effective")+0.5*COUNTIF($J78:$L78,"Partial")+0.25*COUNTIF($J78:$L78,"Not Tested"))/(COUNTA($J78:$L78)-COUNTIF($J78:$L78,"N/A")))) | O78: =IF(OR($I78<>"In Scope",COUNTA($J78:$L78)=0),"",IF(COUNTIF($J78:$K78,"No")+COUNTIF($J78:$K78,"Partial")+COUNTIF($L78,"Partial")+COUNTIF($L78,"Not Tested")+COUNTIF($L78,"Ineffective")>0,"Yes","No")) | U78: =IF($O78<>"Yes","",Lists!$P$6&"-"&$A78)
A79: 6.4.1 | B79: 6 Security in network and information systems acquisition, development and maintenance | C79: 6.4 Change management, repairs and maintenance | D79: The relevant entities shall apply change management procedures to control changes of network and information systems. Where applicable, the procedures shall be consistent with the relevant entities’ general policies concerning change management. | F79: § 30 Abs. 2 Nr. 5 BSIG | G79: 6.3, 8.1, A.7.13, A.8.32 | H79: Yes | I79: In Scope | N79: =IF($I79<>"In Scope","",IF(COUNTA($J79:$L79)-COUNTIF($J79:$L79,"N/A")=0,"",(COUNTIF($J79:$L79,"Yes")+COUNTIF($J79:$L79,"Effective")+0.5*COUNTIF($J79:$L79,"Partial")+0.25*COUNTIF($J79:$L79,"Not Tested"))/(COUNTA($J79:$L79)-COUNTIF($J79:$L79,"N/A")))) | O79: =IF(OR($I79<>"In Scope",COUNTA($J79:$L79)=0),"",IF(COUNTIF($J79:$K79,"No")+COUNTIF($J79:$K79,"Partial")+COUNTIF($L79,"Partial")+COUNTIF($L79,"Not Tested")+COUNTIF($L79,"Ineffective")>0,"Yes","No")) | U79: =IF($O79<>"Yes","",Lists!$P$6&"-"&$A79)
A80: 6.4.2 | B80: 6 Security in network and information systems acquisition, development and maintenance | C80: 6.4 Change management, repairs and maintenance | D80: The procedures referred to in point 6.4.1 shall be applied for releases, modifications and emergency changes of any software and hardware in operation and changes to the configuration. The procedures shall ensure that those changes are documented and, based on the risk assessment carried out pursuant to point 2.1, tested and assessed in view of the potential impact before being implemented. | F80: § 30 Abs. 2 Nr. 5 BSIG | G80: 6.3, 8.1, A.7.13, A.8.32 | I80: In Scope | N80: =IF($I80<>"In Scope","",IF(COUNTA($J80:$L80)-COUNTIF($J80:$L80,"N/A")=0,"",(COUNTIF($J80:$L80,"Yes")+COUNTIF($J80:$L80,"Effective")+0.5*COUNTIF($J80:$L80,"Partial")+0.25*COUNTIF($J80:$L80,"Not Tested"))/(COUNTA($J80:$L80)-COUNTIF($J80:$L80,"N/A")))) | O80: =IF(OR($I80<>"In Scope",COUNTA($J80:$L80)=0),"",IF(COUNTIF($J80:$K80,"No")+COUNTIF($J80:$K80,"Partial")+COUNTIF($L80,"Partial")+COUNTIF($L80,"Not Tested")+COUNTIF($L80,"Ineffective")>0,"Yes","No")) | U80: =IF($O80<>"Yes","",Lists!$P$6&"-"&$A80)
A81: 6.4.3 | B81: 6 Security in network and information systems acquisition, development and maintenance | C81: 6.4 Change management, repairs and maintenance | D81: In the event that the regular change management procedures could not be followed due to an emergency, the relevant entities shall document the result of the change, and the explanation for why the procedures could not be followed. | F81: § 30 Abs. 2 Nr. 5 BSIG | G81: 6.3, 8.1, A.7.13, A.8.32 | I81: In Scope | N81: =IF($I81<>"In Scope","",IF(COUNTA($J81:$L81)-COUNTIF($J81:$L81,"N/A")=0,"",(COUNTIF($J81:$L81,"Yes")+COUNTIF($J81:$L81,"Effective")+0.5*COUNTIF($J81:$L81,"Partial")+0.25*COUNTIF($J81:$L81,"Not Tested"))/(COUNTA($J81:$L81)-COUNTIF($J81:$L81,"N/A")))) | O81: =IF(OR($I81<>"In Scope",COUNTA($J81:$L81)=0),"",IF(COUNTIF($J81:$K81,"No")+COUNTIF($J81:$K81,"Partial")+COUNTIF($L81,"Partial")+COUNTIF($L81,"Not Tested")+COUNTIF($L81,"Ineffective")>0,"Yes","No")) | U81: =IF($O81<>"Yes","",Lists!$P$6&"-"&$A81)
A82: 6.4.4 | B82: 6 Security in network and information systems acquisition, development and maintenance | C82: 6.4 Change management, repairs and maintenance | D82: The relevant entities shall review and, where appropriate, update the procedures at planned intervals and when significant incidents or significant changes to operations or risks. | F82: § 30 Abs. 2 Nr. 5 BSIG | G82: 6.3, 8.1, A.7.13, A.8.32 | I82: In Scope | N82: =IF($I82<>"In Scope","",IF(COUNTA($J82:$L82)-COUNTIF($J82:$L82,"N/A")=0,"",(COUNTIF($J82:$L82,"Yes")+COUNTIF($J82:$L82,"Effective")+0.5*COUNTIF($J82:$L82,"Partial")+0.25*COUNTIF($J82:$L82,"Not Tested"))/(COUNTA($J82:$L82)-COUNTIF($J82:$L82,"N/A")))) | O82: =IF(OR($I82<>"In Scope",COUNTA($J82:$L82)=0),"",IF(COUNTIF($J82:$K82,"No")+COUNTIF($J82:$K82,"Partial")+COUNTIF($L82,"Partial")+COUNTIF($L82,"Not Tested")+COUNTIF($L82,"Ineffective")>0,"Yes","No")) | U82: =IF($O82<>"Yes","",Lists!$P$6&"-"&$A82)
A83: 6.5.1 | B83: 6 Security in network and information systems acquisition, development and maintenance | C83: 6.5 Security testing | D83: The relevant entities shall establish, implement and apply a policy and procedures for security testing. | F83: § 30 Abs. 2 Nr. 5 BSIG | G83: A.8.29, A.8.33, A.8.34 | H83: Yes | I83: In Scope | N83: =IF($I83<>"In Scope","",IF(COUNTA($J83:$L83)-COUNTIF($J83:$L83,"N/A")=0,"",(COUNTIF($J83:$L83,"Yes")+COUNTIF($J83:$L83,"Effective")+0.5*COUNTIF($J83:$L83,"Partial")+0.25*COUNTIF($J83:$L83,"Not Tested"))/(COUNTA($J83:$L83)-COUNTIF($J83:$L83,"N/A")))) | O83: =IF(OR($I83<>"In Scope",COUNTA($J83:$L83)=0),"",IF(COUNTIF($J83:$K83,"No")+COUNTIF($J83:$K83,"Partial")+COUNTIF($L83,"Partial")+COUNTIF($L83,"Not Tested")+COUNTIF($L83,"Ineffective")>0,"Yes","No")) | U83: =IF($O83<>"Yes","",Lists!$P$6&"-"&$A83)
A84: 6.5.2 | B84: 6 Security in network and information systems acquisition, development and maintenance | C84: 6.5 Security testing | D84: The relevant entities shall: | E84: (a) establish, based on the risk assessment carried out pursuant to point 2.1, the need, scope, frequency and type of security tests; (b) carry out security tests according to a documented test methodology, covering the components identified as relevant for secure operation in a risk analysis; (c) document the type, scope, time and results of the tests, including assessment of criticality and mitigating actions for each finding; (d) apply mitigating actions in case of critical findings. | F84: § 30 Abs. 2 Nr. 5 BSIG | G84: A.8.29, A.8.33, A.8.34 | I84: In Scope | N84: =IF($I84<>"In Scope","",IF(COUNTA($J84:$L84)-COUNTIF($J84:$L84,"N/A")=0,"",(COUNTIF($J84:$L84,"Yes")+COUNTIF($J84:$L84,"Effective")+0.5*COUNTIF($J84:$L84,"Partial")+0.25*COUNTIF($J84:$L84,"Not Tested"))/(COUNTA($J84:$L84)-COUNTIF($J84:$L84,"N/A")))) | O84: =IF(OR($I84<>"In Scope",COUNTA($J84:$L84)=0),"",IF(COUNTIF($J84:$K84,"No")+COUNTIF($J84:$K84,"Partial")+COUNTIF($L84,"Partial")+COUNTIF($L84,"Not Tested")+COUNTIF($L84,"Ineffective")>0,"Yes","No")) | U84: =IF($O84<>"Yes","",Lists!$P$6&"-"&$A84)
A85: 6.5.3 | B85: 6 Security in network and information systems acquisition, development and maintenance | C85: 6.5 Security testing | D85: The relevant entities shall review and, where appropriate, update their security testing policies at planned intervals. | F85: § 30 Abs. 2 Nr. 5 BSIG | G85: A.8.29, A.8.33, A.8.34 | I85: In Scope | N85: =IF($I85<>"In Scope","",IF(COUNTA($J85:$L85)-COUNTIF($J85:$L85,"N/A")=0,"",(COUNTIF($J85:$L85,"Yes")+COUNTIF($J85:$L85,"Effective")+0.5*COUNTIF($J85:$L85,"Partial")+0.25*COUNTIF($J85:$L85,"Not Tested"))/(COUNTA($J85:$L85)-COUNTIF($J85:$L85,"N/A")))) | O85: =IF(OR($I85<>"In Scope",COUNTA($J85:$L85)=0),"",IF(COUNTIF($J85:$K85,"No")+COUNTIF($J85:$K85,"Partial")+COUNTIF($L85,"Partial")+COUNTIF($L85,"Not Tested")+COUNTIF($L85,"Ineffective")>0,"Yes","No")) | U85: =IF($O85<>"Yes","",Lists!$P$6&"-"&$A85)
A86: 6.6.1 | B86: 6 Security in network and information systems acquisition, development and maintenance | C86: 6.6 Security patch management | D86: The relevant entities shall specify and apply procedures, coherent with the change management procedures referred to in point 6.4.1 as well as with vulnerability management, risk management and other relevant management procedures, for ensuring that: | E86: (a) security patches are applied within a reasonable time after they become available; (b) security patches are tested before being applied in production systems; (c) security patches come from trusted sources and are checked for integrity; (d) additional measures are implemented and residual risks are accepted in cases where a patch is not available or not applied pursuant to point 6.6.2. | F86: § 30 Abs. 2 Nr. 5 BSIG | G86: A.8.31, A.8.32 | H86: Yes | I86: In Scope | N86: =IF($I86<>"In Scope","",IF(COUNTA($J86:$L86)-COUNTIF($J86:$L86,"N/A")=0,"",(COUNTIF($J86:$L86,"Yes")+COUNTIF($J86:$L86,"Effective")+0.5*COUNTIF($J86:$L86,"Partial")+0.25*COUNTIF($J86:$L86,"Not Tested"))/(COUNTA($J86:$L86)-COUNTIF($J86:$L86,"N/A")))) | O86: =IF(OR($I86<>"In Scope",COUNTA($J86:$L86)=0),"",IF(COUNTIF($J86:$K86,"No")+COUNTIF($J86:$K86,"Partial")+COUNTIF($L86,"Partial")+COUNTIF($L86,"Not Tested")+COUNTIF($L86,"Ineffective")>0,"Yes","No")) | U86: =IF($O86<>"Yes","",Lists!$P$6&"-"&$A86)
A87: 6.6.2 | B87: 6 Security in network and information systems acquisition, development and maintenance | C87: 6.6 Security patch management | D87: By way of derogation from point 6.6.1(a), the relevant entities may choose not to apply security patches when the disadvantages of applying the security patches outweigh the cybersecurity benefits. The relevant entities shall duly document and substantiate the reasons for any such decision. | F87: § 30 Abs. 2 Nr. 5 BSIG | G87: A.8.31, A.8.32 | I87: In Scope | N87: =IF($I87<>"In Scope","",IF(COUNTA($J87:$L87)-COUNTIF($J87:$L87,"N/A")=0,"",(COUNTIF($J87:$L87,"Yes")+COUNTIF($J87:$L87,"Effective")+0.5*COUNTIF($J87:$L87,"Partial")+0.25*COUNTIF($J87:$L87,"Not Tested"))/(COUNTA($J87:$L87)-COUNTIF($J87:$L87,"N/A")))) | O87: =IF(OR($I87<>"In Scope",COUNTA($J87:$L87)=0),"",IF(COUNTIF($J87:$K87,"No")+COUNTIF($J87:$K87,"Partial")+COUNTIF($L87,"Partial")+COUNTIF($L87,"Not Tested")+COUNTIF($L87,"Ineffective")>0,"Yes","No")) | U87: =IF($O87<>"Yes","",Lists!$P$6&"-"&$A87)
A88: 6.7.1 | B88: 6 Security in network and information systems acquisition, development and maintenance | C88: 6.7 Network security | D88: The relevant entities shall take the appropriate measures to protect their network and information systems from cyber threats. | F88: § 30 Abs. 2 Nr. 5 BSIG | G88: A.8.16, A.8.20 | H88: Yes | I88: In Scope | N88: =IF($I88<>"In Scope","",IF(COUNTA($J88:$L88)-COUNTIF($J88:$L88,"N/A")=0,"",(COUNTIF($J88:$L88,"Yes")+COUNTIF($J88:$L88,"Effective")+0.5*COUNTIF($J88:$L88,"Partial")+0.25*COUNTIF($J88:$L88,"Not Tested"))/(COUNTA($J88:$L88)-COUNTIF($J88:$L88,"N/A")))) | O88: =IF(OR($I88<>"In Scope",COUNTA($J88:$L88)=0),"",IF(COUNTIF($J88:$K88,"No")+COUNTIF($J88:$K88,"Partial")+COUNTIF($L88,"Partial")+COUNTIF($L88,"Not Tested")+COUNTIF($L88,"Ineffective")>0,"Yes","No")) | U88: =IF($O88<>"Yes","",Lists!$P$6&"-"&$A88)
A89: 6.7.2 | B89: 6 Security in network and information systems acquisition, development and maintenance | C89: 6.7 Network security | D89: For the purpose of point 6.7.1, the relevant entities shall: | E89: (a) document the architecture of the network in a comprehensible and up to date manner; (b) determine and apply controls to protect the relevant entities’ internal network domains from unauthorised access; (c) configure controls to prevent accesses and network communication not required for the operation of the relevant entities; (d) determine and apply controls for remote access to network and information systems, including access by service providers; (e) not use systems used for administration of the security policy implementation for other purposes; (f) explicitly forbid or deactivate unneeded connections and services; (g) where appropriate, exclusively allow access to the relevant entities’ network and information systems by devices authorised by those entities; (h) allow connections of service providers only after an authorisation request and for a set time period, such as the duration of a maintenance operation; (i) establish communication between distinct systems only through trusted channels that are isolated using logical, cryptographic or physical separation from other communication channels and provide assured identification of their end points and protection of the channel data from modification or disclosure; (j) adopt an implementation plan for the full transition towards latest generation network layer communication protocols in a secure, appropriate and gradual way and establish measures to accelerate such transition; (k) adopt an implementation plan for the deployment of internationally agreed and interoperable modern e-mail communications standards to secure e-mail communications to mitigate vulnerabilities linked to e-mail-related threats and establish measures to accelerate such deployment; (l) apply best practices for the security of the DNS, and for Internet routing security and routing hygiene of traffic originating from and destined to the network. | F89: § 30 Abs. 2 Nr. 5 BSIG | G89: A.8.16, A.8.20 | I89: In Scope | N89: =IF($I89<>"In Scope","",IF(COUNTA($J89:$L89)-COUNTIF($J89:$L89,"N/A")=0,"",(COUNTIF($J89:$L89,"Yes")+COUNTIF($J89:$L89,"Effective")+0.5*COUNTIF($J89:$L89,"Partial")+0.25*COUNTIF($J89:$L89,"Not Tested"))/(COUNTA($J89:$L89)-COUNTIF($J89:$L89,"N/A")))) | O89: =IF(OR($I89<>"In Scope",COUNTA($J89:$L89)=0),"",IF(COUNTIF($J89:$K89,"No")+COUNTIF($J89:$K89,"Partial")+COUNTIF($L89,"Partial")+COUNTIF($L89,"Not Tested")+COUNTIF($L89,"Ineffective")>0,"Yes","No")) | U89: =IF($O89<>"Yes","",Lists!$P$6&"-"&$A89)
A90: 6.7.3 | B90: 6 Security in network and information systems acquisition, development and maintenance | C90: 6.7 Network security | D90: The relevant entities shall review and, where appropriate, update these measures at planned intervals and when significant incidents or significant changes to operations or risks occur. | F90: § 30 Abs. 2 Nr. 5 BSIG | G90: A.8.16, A.8.20 | I90: In Scope | N90: =IF($I90<>"In Scope","",IF(COUNTA($J90:$L90)-COUNTIF($J90:$L90,"N/A")=0,"",(COUNTIF($J90:$L90,"Yes")+COUNTIF($J90:$L90,"Effective")+0.5*COUNTIF($J90:$L90,"Partial")+0.25*COUNTIF($J90:$L90,"Not Tested"))/(COUNTA($J90:$L90)-COUNTIF($J90:$L90,"N/A")))) | O90: =IF(OR($I90<>"In Scope",COUNTA($J90:$L90)=0),"",IF(COUNTIF($J90:$K90,"No")+COUNTIF($J90:$K90,"Partial")+COUNTIF($L90,"Partial")+COUNTIF($L90,"Not Tested")+COUNTIF($L90,"Ineffective")>0,"Yes","No")) | U90: =IF($O90<>"Yes","",Lists!$P$6&"-"&$A90)
A91: 6.8.1 | B91: 6 Security in network and information systems acquisition, development and maintenance | C91: 6.8 Network segmentation | D91: The relevant entities shall segment systems into networks or zones in accordance with the results of the risk assessment referred to in point 2.1. They shall segment their systems and networks from third parties’ systems and networks. | F91: § 30 Abs. 2 Nr. 5 BSIG | G91: A.8.22 | H91: Yes | I91: In Scope | N91: =IF($I91<>"In Scope","",IF(COUNTA($J91:$L91)-COUNTIF($J91:$L91,"N/A")=0,"",(COUNTIF($J91:$L91,"Yes")+COUNTIF($J91:$L91,"Effective")+0.5*COUNTIF($J91:$L91,"Partial")+0.25*COUNTIF($J91:$L91,"Not Tested"))/(COUNTA($J91:$L91)-COUNTIF($J91:$L91,"N/A")))) | O91: =IF(OR($I91<>"In Scope",COUNTA($J91:$L91)=0),"",IF(COUNTIF($J91:$K91,"No")+COUNTIF($J91:$K91,"Partial")+COUNTIF($L91,"Partial")+COUNTIF($L91,"Not Tested")+COUNTIF($L91,"Ineffective")>0,"Yes","No")) | U91: =IF($O91<>"Yes","",Lists!$P$6&"-"&$A91)
A92: 6.8.2 | B92: 6 Security in network and information systems acquisition, development and maintenance | C92: 6.8 Network segmentation | D92: For that purpose, the relevant entities shall: | E92: (a) consider the functional, logical and physical relationship, including location, between trustworthy systems and services; (b) grant access to a network or zone based on an assessment of its security requirements; (c) keep systems that are critical to the relevant entities operation or to safety in secured zones; (d) deploy a demilitarised zone within their communication networks to ensure secure communication originating from or destined to their networks; (e) restrict access and communications between and within zones to those necessary for the operation of the relevant entities or for safety; (f) separate the dedicated network for administration of network and information systems from the relevant entities’ operational network; (g) segregate network administration channels from other network traffic; (h) separate the production systems for the relevant entities’ services from systems used in development and testing, including backups. | F92: § 30 Abs. 2 Nr. 5 BSIG | G92: A.8.22 | I92: In Scope | N92: =IF($I92<>"In Scope","",IF(COUNTA($J92:$L92)-COUNTIF($J92:$L92,"N/A")=0,"",(COUNTIF($J92:$L92,"Yes")+COUNTIF($J92:$L92,"Effective")+0.5*COUNTIF($J92:$L92,"Partial")+0.25*COUNTIF($J92:$L92,"Not Tested"))/(COUNTA($J92:$L92)-COUNTIF($J92:$L92,"N/A")))) | O92: =IF(OR($I92<>"In Scope",COUNTA($J92:$L92)=0),"",IF(COUNTIF($J92:$K92,"No")+COUNTIF($J92:$K92,"Partial")+COUNTIF($L92,"Partial")+COUNTIF($L92,"Not Tested")+COUNTIF($L92,"Ineffective")>0,"Yes","No")) | U92: =IF($O92<>"Yes","",Lists!$P$6&"-"&$A92)
A93: 6.8.3 | B93: 6 Security in network and information systems acquisition, development and maintenance | C93: 6.8 Network segmentation | D93: The relevant entities shall review and, where appropriate, update network segmentation at planned intervals and when significant incidents or significant changes to operations or risks. | F93: § 30 Abs. 2 Nr. 5 BSIG | G93: A.8.22 | I93: In Scope | N93: =IF($I93<>"In Scope","",IF(COUNTA($J93:$L93)-COUNTIF($J93:$L93,"N/A")=0,"",(COUNTIF($J93:$L93,"Yes")+COUNTIF($J93:$L93,"Effective")+0.5*COUNTIF($J93:$L93,"Partial")+0.25*COUNTIF($J93:$L93,"Not Tested"))/(COUNTA($J93:$L93)-COUNTIF($J93:$L93,"N/A")))) | O93: =IF(OR($I93<>"In Scope",COUNTA($J93:$L93)=0),"",IF(COUNTIF($J93:$K93,"No")+COUNTIF($J93:$K93,"Partial")+COUNTIF($L93,"Partial")+COUNTIF($L93,"Not Tested")+COUNTIF($L93,"Ineffective")>0,"Yes","No")) | U93: =IF($O93<>"Yes","",Lists!$P$6&"-"&$A93)
A94: 6.9.1 | B94: 6 Security in network and information systems acquisition, development and maintenance | C94: 6.9 Protection against malicious and unauthorised software | D94: The relevant entities shall protect their network and information systems against malicious and unauthorised software. | F94: § 30 Abs. 2 Nr. 5 BSIG | G94: A.5.32, A.8.7 | H94: Yes | I94: In Scope | N94: =IF($I94<>"In Scope","",IF(COUNTA($J94:$L94)-COUNTIF($J94:$L94,"N/A")=0,"",(COUNTIF($J94:$L94,"Yes")+COUNTIF($J94:$L94,"Effective")+0.5*COUNTIF($J94:$L94,"Partial")+0.25*COUNTIF($J94:$L94,"Not Tested"))/(COUNTA($J94:$L94)-COUNTIF($J94:$L94,"N/A")))) | O94: =IF(OR($I94<>"In Scope",COUNTA($J94:$L94)=0),"",IF(COUNTIF($J94:$K94,"No")+COUNTIF($J94:$K94,"Partial")+COUNTIF($L94,"Partial")+COUNTIF($L94,"Not Tested")+COUNTIF($L94,"Ineffective")>0,"Yes","No")) | U94: =IF($O94<>"Yes","",Lists!$P$6&"-"&$A94)
A95: 6.9.2 | B95: 6 Security in network and information systems acquisition, development and maintenance | C95: 6.9 Protection against malicious and unauthorised software | D95: For that purpose, the relevant entities shall in particular implement measures that detect or prevent the use of malicious or unauthorised software. The relevant entities shall, where appropriate, ensure that their network and information systems are equipped with detection and response software, which is updated regularly in accordance with the risk assessment carried out pursuant to point 2.1 and the contractual agreements with the providers. | F95: § 30 Abs. 2 Nr. 5 BSIG | G95: A.5.32, A.8.7 | I95: In Scope | N95: =IF($I95<>"In Scope","",IF(COUNTA($J95:$L95)-COUNTIF($J95:$L95,"N/A")=0,"",(COUNTIF($J95:$L95,"Yes")+COUNTIF($J95:$L95,"Effective")+0.5*COUNTIF($J95:$L95,"Partial")+0.25*COUNTIF($J95:$L95,"Not Tested"))/(COUNTA($J95:$L95)-COUNTIF($J95:$L95,"N/A")))) | O95: =IF(OR($I95<>"In Scope",COUNTA($J95:$L95)=0),"",IF(COUNTIF($J95:$K95,"No")+COUNTIF($J95:$K95,"Partial")+COUNTIF($L95,"Partial")+COUNTIF($L95,"Not Tested")+COUNTIF($L95,"Ineffective")>0,"Yes","No")) | U95: =IF($O95<>"Yes","",Lists!$P$6&"-"&$A95)
A96: 6.10.1 | B96: 6 Security in network and information systems acquisition, development and maintenance | C96: 6.10 Vulnerability handling and disclosure | D96: The relevant entities shall obtain information about technical vulnerabilities in their network and information systems, evaluate their exposure to such vulnerabilities, and take appropriate measures to manage the vulnerabilities. | F96: § 30 Abs. 2 Nr. 5 BSIG | G96: A.8.8 | H96: Yes | I96: In Scope | N96: =IF($I96<>"In Scope","",IF(COUNTA($J96:$L96)-COUNTIF($J96:$L96,"N/A")=0,"",(COUNTIF($J96:$L96,"Yes")+COUNTIF($J96:$L96,"Effective")+0.5*COUNTIF($J96:$L96,"Partial")+0.25*COUNTIF($J96:$L96,"Not Tested"))/(COUNTA($J96:$L96)-COUNTIF($J96:$L96,"N/A")))) | O96: =IF(OR($I96<>"In Scope",COUNTA($J96:$L96)=0),"",IF(COUNTIF($J96:$K96,"No")+COUNTIF($J96:$K96,"Partial")+COUNTIF($L96,"Partial")+COUNTIF($L96,"Not Tested")+COUNTIF($L96,"Ineffective")>0,"Yes","No")) | U96: =IF($O96<>"Yes","",Lists!$P$6&"-"&$A96)
A97: 6.10.2 | B97: 6 Security in network and information systems acquisition, development and maintenance | C97: 6.10 Vulnerability handling and disclosure | D97: For the purpose of point 6.10.1, the relevant entities shall: | E97: (a) monitor information about vulnerabilities through appropriate channels, such as announcements of CSIRTs, competent authorities or information provided by suppliers or service providers; (b) perform, where appropriate, vulnerability scans, and record evidence of the results of the scans, at planned intervals; (c) address, without undue delay, vulnerabilities identified by the relevant entities as critical to their operations; (d) ensure that their vulnerability handling is compatible with their change management, security patch management, risk management and incident management procedures; (e) lay down a procedure for disclosing vulnerabilities in accordance with the applicable national coordinated vulnerability disclosure policy. | F97: § 30 Abs. 2 Nr. 5 BSIG | G97: A.8.8 | I97: In Scope | N97: =IF($I97<>"In Scope","",IF(COUNTA($J97:$L97)-COUNTIF($J97:$L97,"N/A")=0,"",(COUNTIF($J97:$L97,"Yes")+COUNTIF($J97:$L97,"Effective")+0.5*COUNTIF($J97:$L97,"Partial")+0.25*COUNTIF($J97:$L97,"Not Tested"))/(COUNTA($J97:$L97)-COUNTIF($J97:$L97,"N/A")))) | O97: =IF(OR($I97<>"In Scope",COUNTA($J97:$L97)=0),"",IF(COUNTIF($J97:$K97,"No")+COUNTIF($J97:$K97,"Partial")+COUNTIF($L97,"Partial")+COUNTIF($L97,"Not Tested")+COUNTIF($L97,"Ineffective")>0,"Yes","No")) | U97: =IF($O97<>"Yes","",Lists!$P$6&"-"&$A97)
A98: 6.10.3 | B98: 6 Security in network and information systems acquisition, development and maintenance | C98: 6.10 Vulnerability handling and disclosure | D98: When justified by the potential impact of the vulnerability, the relevant entities shall create and implement a plan to mitigate the vulnerability. In other cases, the relevant entities shall document and substantiate the reason why the vulnerability does not require remediation. | F98: § 30 Abs. 2 Nr. 5 BSIG | G98: A.8.8 | I98: In Scope | N98: =IF($I98<>"In Scope","",IF(COUNTA($J98:$L98)-COUNTIF($J98:$L98,"N/A")=0,"",(COUNTIF($J98:$L98,"Yes")+COUNTIF($J98:$L98,"Effective")+0.5*COUNTIF($J98:$L98,"Partial")+0.25*COUNTIF($J98:$L98,"Not Tested"))/(COUNTA($J98:$L98)-COUNTIF($J98:$L98,"N/A")))) | O98: =IF(OR($I98<>"In Scope",COUNTA($J98:$L98)=0),"",IF(COUNTIF($J98:$K98,"No")+COUNTIF($J98:$K98,"Partial")+COUNTIF($L98,"Partial")+COUNTIF($L98,"Not Tested")+COUNTIF($L98,"Ineffective")>0,"Yes","No")) | U98: =IF($O98<>"Yes","",Lists!$P$6&"-"&$A98)
A99: 6.10.4 | B99: 6 Security in network and information systems acquisition, development and maintenance | C99: 6.10 Vulnerability handling and disclosure | D99: The relevant entities shall review and, where appropriate, update at planned intervals the channels they use for monitoring vulnerability information. | F99: § 30 Abs. 2 Nr. 5 BSIG | G99: A.8.8 | I99: In Scope | N99: =IF($I99<>"In Scope","",IF(COUNTA($J99:$L99)-COUNTIF($J99:$L99,"N/A")=0,"",(COUNTIF($J99:$L99,"Yes")+COUNTIF($J99:$L99,"Effective")+0.5*COUNTIF($J99:$L99,"Partial")+0.25*COUNTIF($J99:$L99,"Not Tested"))/(COUNTA($J99:$L99)-COUNTIF($J99:$L99,"N/A")))) | O99: =IF(OR($I99<>"In Scope",COUNTA($J99:$L99)=0),"",IF(COUNTIF($J99:$K99,"No")+COUNTIF($J99:$K99,"Partial")+COUNTIF($L99,"Partial")+COUNTIF($L99,"Not Tested")+COUNTIF($L99,"Ineffective")>0,"Yes","No")) | U99: =IF($O99<>"Yes","",Lists!$P$6&"-"&$A99)
A100: 7.1 | B100: 7 Policies and procedures to assess the effectiveness of cybersecurity risk-management measures | C100: 7.1 Policies and procedures to assess the effectiveness of cybersecurity risk-management measures | D100: For the purpose of Article 21(2), point (f) of Directive (EU) 2022/2555, the relevant entities shall establish, implement and apply a policy and procedures to assess whether the cybersecurity risk-management measures taken by the relevant entity are effectively implemented and maintained. | F100: § 30 Abs. 2 Nr. 6 BSIG | G100: 6.2, 9.1, 9.3 | H100: Yes | I100: In Scope | N100: =IF($I100<>"In Scope","",IF(COUNTA($J100:$L100)-COUNTIF($J100:$L100,"N/A")=0,"",(COUNTIF($J100:$L100,"Yes")+COUNTIF($J100:$L100,"Effective")+0.5*COUNTIF($J100:$L100,"Partial")+0.25*COUNTIF($J100:$L100,"Not Tested"))/(COUNTA($J100:$L100)-COUNTIF($J100:$L100,"N/A")))) | O100: =IF(OR($I100<>"In Scope",COUNTA($J100:$L100)=0),"",IF(COUNTIF($J100:$K100,"No")+COUNTIF($J100:$K100,"Partial")+COUNTIF($L100,"Partial")+COUNTIF($L100,"Not Tested")+COUNTIF($L100,"Ineffective")>0,"Yes","No")) | U100: =IF($O100<>"Yes","",Lists!$P$6&"-"&$A100)
A101: 7.2 | B101: 7 Policies and procedures to assess the effectiveness of cybersecurity risk-management measures | C101: 7.1 Policies and procedures to assess the effectiveness of cybersecurity risk-management measures | D101: The policy and procedures referred to in point 7.1 shall take into account results of the risk assessment pursuant to point 2.1 and past significant incidents. The relevant entities shall determine: | E101: (a) what cybersecurity risk-management measures are to be monitored and measured, including processes and controls; (b) the methods for monitoring, measurement, analysis and evaluation, as applicable, to ensure valid results; (c) when the monitoring and measuring is to be performed; (d) who is responsible for monitoring and measuring the effectiveness of the cybersecurity risk-management measures; (e) when the results from monitoring and measurement are to be analysed and evaluated; (f) who has to analyse and evaluate these results. | F101: § 30 Abs. 2 Nr. 6 BSIG | G101: 6.2, 9.1, 9.3 | I101: In Scope | N101: =IF($I101<>"In Scope","",IF(COUNTA($J101:$L101)-COUNTIF($J101:$L101,"N/A")=0,"",(COUNTIF($J101:$L101,"Yes")+COUNTIF($J101:$L101,"Effective")+0.5*COUNTIF($J101:$L101,"Partial")+0.25*COUNTIF($J101:$L101,"Not Tested"))/(COUNTA($J101:$L101)-COUNTIF($J101:$L101,"N/A")))) | O101: =IF(OR($I101<>"In Scope",COUNTA($J101:$L101)=0),"",IF(COUNTIF($J101:$K101,"No")+COUNTIF($J101:$K101,"Partial")+COUNTIF($L101,"Partial")+COUNTIF($L101,"Not Tested")+COUNTIF($L101,"Ineffective")>0,"Yes","No")) | U101: =IF($O101<>"Yes","",Lists!$P$6&"-"&$A101)
...

Sheet Action Plan
A1: NIS2 GAP Analysis
A2: Consolidated Action Plan
A3: Enter the entity and the requirement number; chapter, section, requirement text and the identified gap are pulled from the assessment sheet. Enter the requirement number exactly as shown there, e.g. 6.7.2.
A5: Finding ID | B5: Entity | C5: Requirement No. | D5: Chapter | E5: Section | F5: Requirement | G5: Identified Gap | H5: Work Package | I5: Priority | J5: Acceptance Criterion | K5: Expected Evidence | L5: Responsible | M5: Target Date | N5: Status | O5: Due Status | P5: Comments | Q5: Assessment Owner
A6: =IF($H6="","","AP-"&TEXT(ROW()-5,"000")) | D6: =IF(OR($B6="",$C6=""),"",IFERROR(INDEX(INDIRECT("'"&INDEX(Lists!$O$6:$O$55,MATCH($B6,Lists!$F$6:$F$55,0))&"'!$B$6:$B$179"),MATCH($C6&"",INDIRECT("'"&INDEX(Lists!$O$6:$O$55,MATCH($B6,Lists!$F$6:$F$55,0))&"'!$A$6:$A$179"),0))&"","Check entity and requirement number")) | E6: =IF(OR($B6="",$C6=""),"",IFERROR(INDEX(INDIRECT("'"&INDEX(Lists!$O$6:$O$55,MATCH($B6,Lists!$F$6:$F$55,0))&"'!$C$6:$C$179"),MATCH($C6&"",INDIRECT("'"&INDEX(Lists!$O$6:$O$55,MATCH($B6,Lists!$F$6:$F$55,0))&"'!$A$6:$A$179"),0))&"","Check entity and requirement number")) | F6: =IF(OR($B6="",$C6=""),"",IFERROR(INDEX(INDIRECT("'"&INDEX(Lists!$O$6:$O$55,MATCH($B6,Lists!$F$6:$F$55,0))&"'!$D$6:$D$179"),MATCH($C6&"",INDIRECT("'"&INDEX(Lists!$O$6:$O$55,MATCH($B6,Lists!$F$6:$F$55,0))&"'!$A$6:$A$179"),0))&"","Check entity and requirement number")) | G6: =IF(OR($B6="",$C6=""),"",IFERROR(INDEX(INDIRECT("'"&INDEX(Lists!$O$6:$O$55,MATCH($B6,Lists!$F$6:$F$55,0))&"'!$P$6:$P$179"),MATCH($C6&"",INDIRECT("'"&INDEX(Lists!$O$6:$O$55,MATCH($B6,Lists!$F$6:$F$55,0))&"'!$A$6:$A$179"),0))&"","Check entity and requirement number")) | O6: =IF(OR($H6="",$M6=""),"",IF($N6="Completed","Completed",IF(TODAY()>$M6,"Overdue",IF(TODAY()+14>$M6,"Due soon","On track")))) | Q6: =IF(OR($B6="",$C6=""),"",IFERROR(INDEX(INDIRECT("'"&INDEX(Lists!$O$6:$O$55,MATCH($B6,Lists!$F$6:$F$55,0))&"'!$R$6:$R$179"),MATCH($C6&"",INDIRECT("'"&INDEX(Lists!$O$6:$O$55,MATCH($B6,Lists!$F$6:$F$55,0))&"'!$A$6:$A$179"),0))&"","Check entity and requirement number"))
A7: =IF($H7="","","AP-"&TEXT(ROW()-5,"000")) | D7: =IF(OR($B7="",$C7=""),"",IFERROR(INDEX(INDIRECT("'"&INDEX(Lists!$O$6:$O$55,MATCH($B7,Lists!$F$6:$F$55,0))&"'!$B$6:$B$179"),MATCH($C7&"",INDIRECT("'"&INDEX(Lists!$O$6:$O$55,MATCH($B7,Lists!$F$6:$F$55,0))&"'!$A$6:$A$179"),0))&"","Check entity and requirement number")) | E7: =IF(OR($B7="",$C7=""),"",IFERROR(INDEX(INDIRECT("'"&INDEX(Lists!$O$6:$O$55,MATCH($B7,Lists!$F$6:$F$55,0))&"'!$C$6:$C$179"),MATCH($C7&"",INDIRECT("'"&INDEX(Lists!$O$6:$O$55,MATCH($B7,Lists!$F$6:$F$55,0))&"'!$A$6:$A$179"),0))&"","Check entity and requirement number")) | F7: =IF(OR($B7="",$C7=""),"",IFERROR(INDEX(INDIRECT("'"&INDEX(Lists!$O$6:$O$55,MATCH($B7,Lists!$F$6:$F$55,0))&"'!$D$6:$D$179"),MATCH($C7&"",INDIRECT("'"&INDEX(Lists!$O$6:$O$55,MATCH($B7,Lists!$F$6:$F$55,0))&"'!$A$6:$A$179"),0))&"","Check entity and requirement number")) | G7: =IF(OR($B7="",$C7=""),"",IFERROR(INDEX(INDIRECT("'"&INDEX(Lists!$O$6:$O$55,MATCH($B7,Lists!$F$6:$F$55,0))&"'!$P$6:$P$179"),MATCH($C7&"",INDIRECT("'"&INDEX(Lists!$O$6:$O$55,MATCH($B7,Lists!$F$6:$F$55,0))&"'!$A$6:$A$179"),0))&"","Check entity and requirement number")) | O7: =IF(OR($H7="",$M7=""),"",IF($N7="Completed","Completed",IF(TODAY()>$M7,"Overdue",IF(TODAY()+14>$M7,"Due soon","On track")))) | Q7: =IF(OR($B7="",$C7=""),"",IFERROR(INDEX(INDIRECT("'"&INDEX(Lists!$O$6:$O$55,MATCH($B7,Lists!$F$6:$F$55,0))&"'!$R$6:$R$179"),MATCH($C7&"",INDIRECT("'"&INDEX(Lists!$O$6:$O$55,MATCH($B7,Lists!$F$6:$F$55,0))&"'!$A$6:$A$179"),0))&"","Check entity and requirement number"))
A8: =IF($H8="","","AP-"&TEXT(ROW()-5,"000")) | D8: =IF(OR($B8="",$C8=""),"",IFERROR(INDEX(INDIRECT("'"&INDEX(Lists!$O$6:$O$55,MATCH($B8,Lists!$F$6:$F$55,0))&"'!$B$6:$B$179"),MATCH($C8&"",INDIRECT("'"&INDEX(Lists!$O$6:$O$55,MATCH($B8,Lists!$F$6:$F$55,0))&"'!$A$6:$A$179"),0))&"","Check entity and requirement number")) | E8: =IF(OR($B8="",$C8=""),"",IFERROR(INDEX(INDIRECT("'"&INDEX(Lists!$O$6:$O$55,MATCH($B8,Lists!$F$6:$F$55,0))&"'!$C$6:$C$179"),MATCH($C8&"",INDIRECT("'"&INDEX(Lists!$O$6:$O$55,MATCH($B8,Lists!$F$6:$F$55,0))&"'!$A$6:$A$179"),0))&"","Check entity and requirement number")) | F8: =IF(OR($B8="",$C8=""),"",IFERROR(INDEX(INDIRECT("'"&INDEX(Lists!$O$6:$O$55,MATCH($B8,Lists!$F$6:$F$55,0))&"'!$D$6:$D$179"),MATCH($C8&"",INDIRECT("'"&INDEX(Lists!$O$6:$O$55,MATCH($B8,Lists!$F$6:$F$55,0))&"'!$A$6:$A$179"),0))&"","Check entity and requirement number")) | G8: =IF(OR($B8="",$C8=""),"",IFERROR(INDEX(INDIRECT("'"&INDEX(Lists!$O$6:$O$55,MATCH($B8,Lists!$F$6:$F$55,0))&"'!$P$6:$P$179"),MATCH($C8&"",INDIRECT("'"&INDEX(Lists!$O$6:$O$55,MATCH($B8,Lists!$F$6:$F$55,0))&"'!$A$6:$A$179"),0))&"","Check entity and requirement number")) | O8: =IF(OR($H8="",$M8=""),"",IF($N8="Completed","Completed",IF(TODAY()>$M8,"Overdue",IF(TODAY()+14>$M8,"Due soon","On track")))) | Q8: =IF(OR($B8="",$C8=""),"",IFERROR(INDEX(INDIRECT("'"&INDEX(Lists!$O$6:$O$55,MATCH($B8,Lists!$F$6:$F$55,0))&"'!$R$6:$R$179"),MATCH($C8&"",INDIRECT("'"&INDEX(Lists!$O$6:$O$55,MATCH($B8,Lists!$F$6:$F$55,0))&"'!$A$6:$A$179"),0))&"","Check entity and requirement number"))
A9: =IF($H9="","","AP-"&TEXT(ROW()-5,"000")) | D9: =IF(OR($B9="",$C9=""),"",IFERROR(INDEX(INDIRECT("'"&INDEX(Lists!$O$6:$O$55,MATCH($B9,Lists!$F$6:$F$55,0))&"'!$B$6:$B$179"),MATCH($C9&"",INDIRECT("'"&INDEX(Lists!$O$6:$O$55,MATCH($B9,Lists!$F$6:$F$55,0))&"'!$A$6:$A$179"),0))&"","Check entity and requirement number")) | E9: =IF(OR($B9="",$C9=""),"",IFERROR(INDEX(INDIRECT("'"&INDEX(Lists!$O$6:$O$55,MATCH($B9,Lists!$F$6:$F$55,0))&"'!$C$6:$C$179"),MATCH($C9&"",INDIRECT("'"&INDEX(Lists!$O$6:$O$55,MATCH($B9,Lists!$F$6:$F$55,0))&"'!$A$6:$A$179"),0))&"","Check entity and requirement number")) | F9: =IF(OR($B9="",$C9=""),"",IFERROR(INDEX(INDIRECT("'"&INDEX(Lists!$O$6:$O$55,MATCH($B9,Lists!$F$6:$F$55,0))&"'!$D$6:$D$179"),MATCH($C9&"",INDIRECT("'"&INDEX(Lists!$O$6:$O$55,MATCH($B9,Lists!$F$6:$F$55,0))&"'!$A$6:$A$179"),0))&"","Check entity and requirement number")) | G9: =IF(OR($B9="",$C9=""),"",IFERROR(INDEX(INDIRECT("'"&INDEX(Lists!$O$6:$O$55,MATCH($B9,Lists!$F$6:$F$55,0))&"'!$P$6:$P$179"),MATCH($C9&"",INDIRECT("'"&INDEX(Lists!$O$6:$O$55,MATCH($B9,Lists!$F$6:$F$55,0))&"'!$A$6:$A$179"),0))&"","Check entity and requirement number")) | O9: =IF(OR($H9="",$M9=""),"",IF($N9="Completed","Completed",IF(TODAY()>$M9,"Overdue",IF(TODAY()+14>$M9,"Due soon","On track")))) | Q9: =IF(OR($B9="",$C9=""),"",IFERROR(INDEX(INDIRECT("'"&INDEX(Lists!$O$6:$O$55,MATCH($B9,Lists!$F$6:$F$55,0))&"'!$R$6:$R$179"),MATCH($C9&"",INDIRECT("'"&INDEX(Lists!$O$6:$O$55,MATCH($B9,Lists!$F$6:$F$55,0))&"'!$A$6:$A$179"),0))&"","Check entity and requirement number"))
A10: =IF($H10="","","AP-"&TEXT(ROW()-5,"000")) | D10: =IF(OR($B10="",$C10=""),"",IFERROR(INDEX(INDIRECT("'"&INDEX(Lists!$O$6:$O$55,MATCH($B10,Lists!$F$6:$F$55,0))&"'!$B$6:$B$179"),MATCH($C10&"",INDIRECT("'"&INDEX(Lists!$O$6:$O$55,MATCH($B10,Lists!$F$6:$F$55,0))&"'!$A$6:$A$179"),0))&"","Check entity and requirement number")) | E10: =IF(OR($B10="",$C10=""),"",IFERROR(INDEX(INDIRECT("'"&INDEX(Lists!$O$6:$O$55,MATCH($B10,Lists!$F$6:$F$55,0))&"'!$C$6:$C$179"),MATCH($C10&"",INDIRECT("'"&INDEX(Lists!$O$6:$O$55,MATCH($B10,Lists!$F$6:$F$55,0))&"'!$A$6:$A$179"),0))&"","Check entity and requirement number")) | F10: =IF(OR($B10="",$C10=""),"",IFERROR(INDEX(INDIRECT("'"&INDEX(Lists!$O$6:$O$55,MATCH($B10,Lists!$F$6:$F$55,0))&"'!$D$6:$D$179"),MATCH($C10&"",INDIRECT("'"&INDEX(Lists!$O$6:$O$55,MATCH($B10,Lists!$F$6:$F$55,0))&"'!$A$6:$A$179"),0))&"","Check entity and requirement number")) | G10: =IF(OR($B10="",$C10=""),"",IFERROR(INDEX(INDIRECT("'"&INDEX(Lists!$O$6:$O$55,MATCH($B10,Lists!$F$6:$F$55,0))&"'!$P$6:$P$179"),MATCH($C10&"",INDIRECT("'"&INDEX(Lists!$O$6:$O$55,MATCH($B10,Lists!$F$6:$F$55,0))&"'!$A$6:$A$179"),0))&"","Check entity and requirement number")) | O10: =IF(OR($H10="",$M10=""),"",IF($N10="Completed","Completed",IF(TODAY()>$M10,"Overdue",IF(TODAY()+14>$M10,"Due soon","On track")))) | Q10: =IF(OR($B10="",$C10=""),"",IFERROR(INDEX(INDIRECT("'"&INDEX(Lists!$O$6:$O$55,MATCH($B10,Lists!$F$6:$F$55,0))&"'!$R$6:$R$179"),MATCH($C10&"",INDIRECT("'"&INDEX(Lists!$O$6:$O$55,MATCH($B10,Lists!$F$6:$F$55,0))&"'!$A$6:$A$179"),0))&"","Check entity and requirement number"))
A11: =IF($H11="","","AP-"&TEXT(ROW()-5,"000")) | D11: =IF(OR($B11="",$C11=""),"",IFERROR(INDEX(INDIRECT("'"&INDEX(Lists!$O$6:$O$55,MATCH($B11,Lists!$F$6:$F$55,0))&"'!$B$6:$B$179"),MATCH($C11&"",INDIRECT("'"&INDEX(Lists!$O$6:$O$55,MATCH($B11,Lists!$F$6:$F$55,0))&"'!$A$6:$A$179"),0))&"","Check entity and requirement number")) | E11: =IF(OR($B11="",$C11=""),"",IFERROR(INDEX(INDIRECT("'"&INDEX(Lists!$O$6:$O$55,MATCH($B11,Lists!$F$6:$F$55,0))&"'!$C$6:$C$179"),MATCH($C11&"",INDIRECT("'"&INDEX(Lists!$O$6:$O$55,MATCH($B11,Lists!$F$6:$F$55,0))&"'!$A$6:$A$179"),0))&"","Check entity and requirement number")) | F11: =IF(OR($B11="",$C11=""),"",IFERROR(INDEX(INDIRECT("'"&INDEX(Lists!$O$6:$O$55,MATCH($B11,Lists!$F$6:$F$55,0))&"'!$D$6:$D$179"),MATCH($C11&"",INDIRECT("'"&INDEX(Lists!$O$6:$O$55,MATCH($B11,Lists!$F$6:$F$55,0))&"'!$A$6:$A$179"),0))&"","Check entity and requirement number")) | G11: =IF(OR($B11="",$C11=""),"",IFERROR(INDEX(INDIRECT("'"&INDEX(Lists!$O$6:$O$55,MATCH($B11,Lists!$F$6:$F$55,0))&"'!$P$6:$P$179"),MATCH($C11&"",INDIRECT("'"&INDEX(Lists!$O$6:$O$55,MATCH($B11,Lists!$F$6:$F$55,0))&"'!$A$6:$A$179"),0))&"","Check entity and requirement number")) | O11: =IF(OR($H11="",$M11=""),"",IF($N11="Completed","Completed",IF(TODAY()>$M11,"Overdue",IF(TODAY()+14>$M11,"Due soon","On track")))) | Q11: =IF(OR($B11="",$C11=""),"",IFERROR(INDEX(INDIRECT("'"&INDEX(Lists!$O$6:$O$55,MATCH($B11,Lists!$F$6:$F$55,0))&"'!$R$6:$R$179"),MATCH($C11&"",INDIRECT("'"&INDEX(Lists!$O$6:$O$55,MATCH($B11,Lists!$F$6:$F$55,0))&"'!$A$6:$A$179"),0))&"","Check entity and requirement number"))
A12: =IF($H12="","","AP-"&TEXT(ROW()-5,"000")) | D12: =IF(OR($B12="",$C12=""),"",IFERROR(INDEX(INDIRECT("'"&INDEX(Lists!$O$6:$O$55,MATCH($B12,Lists!$F$6:$F$55,0))&"'!$B$6:$B$179"),MATCH($C12&"",INDIRECT("'"&INDEX(Lists!$O$6:$O$55,MATCH($B12,Lists!$F$6:$F$55,0))&"'!$A$6:$A$179"),0))&"","Check entity and requirement number")) | E12: =IF(OR($B12="",$C12=""),"",IFERROR(INDEX(INDIRECT("'"&INDEX(Lists!$O$6:$O$55,MATCH($B12,Lists!$F$6:$F$55,0))&"'!$C$6:$C$179"),MATCH($C12&"",INDIRECT("'"&INDEX(Lists!$O$6:$O$55,MATCH($B12,Lists!$F$6:$F$55,0))&"'!$A$6:$A$179"),0))&"","Check entity and requirement number")) | F12: =IF(OR($B12="",$C12=""),"",IFERROR(INDEX(INDIRECT("'"&INDEX(Lists!$O$6:$O$55,MATCH($B12,Lists!$F$6:$F$55,0))&"'!$D$6:$D$179"),MATCH($C12&"",INDIRECT("'"&INDEX(Lists!$O$6:$O$55,MATCH($B12,Lists!$F$6:$F$55,0))&"'!$A$6:$A$179"),0))&"","Check entity and requirement number")) | G12: =IF(OR($B12="",$C12=""),"",IFERROR(INDEX(INDIRECT("'"&INDEX(Lists!$O$6:$O$55,MATCH($B12,Lists!$F$6:$F$55,0))&"'!$P$6:$P$179"),MATCH($C12&"",INDIRECT("'"&INDEX(Lists!$O$6:$O$55,MATCH($B12,Lists!$F$6:$F$55,0))&"'!$A$6:$A$179"),0))&"","Check entity and requirement number")) | O12: =IF(OR($H12="",$M12=""),"",IF($N12="Completed","Completed",IF(TODAY()>$M12,"Overdue",IF(TODAY()+14>$M12,"Due soon","On track")))) | Q12: =IF(OR($B12="",$C12=""),"",IFERROR(INDEX(INDIRECT("'"&INDEX(Lists!$O$6:$O$55,MATCH($B12,Lists!$F$6:$F$55,0))&"'!$R$6:$R$179"),MATCH($C12&"",INDIRECT("'"&INDEX(Lists!$O$6:$O$55,MATCH($B12,Lists!$F$6:$F$55,0))&"'!$A$6:$A$179"),0))&"","Check entity and requirement number"))
A13: =IF($H13="","","AP-"&TEXT(ROW()-5,"000")) | D13: =IF(OR($B13="",$C13=""),"",IFERROR(INDEX(INDIRECT("'"&INDEX(Lists!$O$6:$O$55,MATCH($B13,Lists!$F$6:$F$55,0))&"'!$B$6:$B$179"),MATCH($C13&"",INDIRECT("'"&INDEX(Lists!$O$6:$O$55,MATCH($B13,Lists!$F$6:$F$55,0))&"'!$A$6:$A$179"),0))&"","Check entity and requirement number")) | E13: =IF(OR($B13="",$C13=""),"",IFERROR(INDEX(INDIRECT("'"&INDEX(Lists!$O$6:$O$55,MATCH($B13,Lists!$F$6:$F$55,0))&"'!$C$6:$C$179"),MATCH($C13&"",INDIRECT("'"&INDEX(Lists!$O$6:$O$55,MATCH($B13,Lists!$F$6:$F$55,0))&"'!$A$6:$A$179"),0))&"","Check entity and requirement number")) | F13: =IF(OR($B13="",$C13=""),"",IFERROR(INDEX(INDIRECT("'"&INDEX(Lists!$O$6:$O$55,MATCH($B13,Lists!$F$6:$F$55,0))&"'!$D$6:$D$179"),MATCH($C13&"",INDIRECT("'"&INDEX(Lists!$O$6:$O$55,MATCH($B13,Lists!$F$6:$F$55,0))&"'!$A$6:$A$179"),0))&"","Check entity and requirement number")) | G13: =IF(OR($B13="",$C13=""),"",IFERROR(INDEX(INDIRECT("'"&INDEX(Lists!$O$6:$O$55,MATCH($B13,Lists!$F$6:$F$55,0))&"'!$P$6:$P$179"),MATCH($C13&"",INDIRECT("'"&INDEX(Lists!$O$6:$O$55,MATCH($B13,Lists!$F$6:$F$55,0))&"'!$A$6:$A$179"),0))&"","Check entity and requirement number")) | O13: =IF(OR($H13="",$M13=""),"",IF($N13="Completed","Completed",IF(TODAY()>$M13,"Overdue",IF(TODAY()+14>$M13,"Due soon","On track")))) | Q13: =IF(OR($B13="",$C13=""),"",IFERROR(INDEX(INDIRECT("'"&INDEX(Lists!$O$6:$O$55,MATCH($B13,Lists!$F$6:$F$55,0))&"'!$R$6:$R$179"),MATCH($C13&"",INDIRECT("'"&INDEX(Lists!$O$6:$O$55,MATCH($B13,Lists!$F$6:$F$55,0))&"'!$A$6:$A$179"),0))&"","Check entity and requirement number"))
A14: =IF($H14="","","AP-"&TEXT(ROW()-5,"000")) | D14: =IF(OR($B14="",$C14=""),"",IFERROR(INDEX(INDIRECT("'"&INDEX(Lists!$O$6:$O$55,MATCH($B14,Lists!$F$6:$F$55,0))&"'!$B$6:$B$179"),MATCH($C14&"",INDIRECT("'"&INDEX(Lists!$O$6:$O$55,MATCH($B14,Lists!$F$6:$F$55,0))&"'!$A$6:$A$179"),0))&"","Check entity and requirement number")) | E14: =IF(OR($B14="",$C14=""),"",IFERROR(INDEX(INDIRECT("'"&INDEX(Lists!$O$6:$O$55,MATCH($B14,Lists!$F$6:$F$55,0))&"'!$C$6:$C$179"),MATCH($C14&"",INDIRECT("'"&INDEX(Lists!$O$6:$O$55,MATCH($B14,Lists!$F$6:$F$55,0))&"'!$A$6:$A$179"),0))&"","Check entity and requirement number")) | F14: =IF(OR($B14="",$C14=""),"",IFERROR(INDEX(INDIRECT("'"&INDEX(Lists!$O$6:$O$55,MATCH($B14,Lists!$F$6:$F$55,0))&"'!$D$6:$D$179"),MATCH($C14&"",INDIRECT("'"&INDEX(Lists!$O$6:$O$55,MATCH($B14,Lists!$F$6:$F$55,0))&"'!$A$6:$A$179"),0))&"","Check entity and requirement number")) | G14: =IF(OR($B14="",$C14=""),"",IFERROR(INDEX(INDIRECT("'"&INDEX(Lists!$O$6:$O$55,MATCH($B14,Lists!$F$6:$F$55,0))&"'!$P$6:$P$179"),MATCH($C14&"",INDIRECT("'"&INDEX(Lists!$O$6:$O$55,MATCH($B14,Lists!$F$6:$F$55,0))&"'!$A$6:$A$179"),0))&"","Check entity and requirement number")) | O14: =IF(OR($H14="",$M14=""),"",IF($N14="Completed","Completed",IF(TODAY()>$M14,"Overdue",IF(TODAY()+14>$M14,"Due soon","On track")))) | Q14: =IF(OR($B14="",$C14=""),"",IFERROR(INDEX(INDIRECT("'"&INDEX(Lists!$O$6:$O$55,MATCH($B14,Lists!$F$6:$F$55,0))&"'!$R$6:$R$179"),MATCH($C14&"",INDIRECT("'"&INDEX(Lists!$O$6:$O$55,MATCH($B14,Lists!$F$6:$F$55,0))&"'!$A$6:$A$179"),0))&"","Check entity and requirement number"))
A15: =IF($H15="","","AP-"&TEXT(ROW()-5,"000")) | D15: =IF(OR($B15="",$C15=""),"",IFERROR(INDEX(INDIRECT("'"&INDEX(Lists!$O$6:$O$55,MATCH($B15,Lists!$F$6:$F$55,0))&"'!$B$6:$B$179"),MATCH($C15&"",INDIRECT("'"&INDEX(Lists!$O$6:$O$55,MATCH($B15,Lists!$F$6:$F$55,0))&"'!$A$6:$A$179"),0))&"","Check entity and requirement number")) | E15: =IF(OR($B15="",$C15=""),"",IFERROR(INDEX(INDIRECT("'"&INDEX(Lists!$O$6:$O$55,MATCH($B15,Lists!$F$6:$F$55,0))&"'!$C$6:$C$179"),MATCH($C15&"",INDIRECT("'"&INDEX(Lists!$O$6:$O$55,MATCH($B15,Lists!$F$6:$F$55,0))&"'!$A$6:$A$179"),0))&"","Check entity and requirement number")) | F15: =IF(OR($B15="",$C15=""),"",IFERROR(INDEX(INDIRECT("'"&INDEX(Lists!$O$6:$O$55,MATCH($B15,Lists!$F$6:$F$55,0))&"'!$D$6:$D$179"),MATCH($C15&"",INDIRECT("'"&INDEX(Lists!$O$6:$O$55,MATCH($B15,Lists!$F$6:$F$55,0))&"'!$A$6:$A$179"),0))&"","Check entity and requirement number")) | G15: =IF(OR($B15="",$C15=""),"",IFERROR(INDEX(INDIRECT("'"&INDEX(Lists!$O$6:$O$55,MATCH($B15,Lists!$F$6:$F$55,0))&"'!$P$6:$P$179"),MATCH($C15&"",INDIRECT("'"&INDEX(Lists!$O$6:$O$55,MATCH($B15,Lists!$F$6:$F$55,0))&"'!$A$6:$A$179"),0))&"","Check entity and requirement number")) | O15: =IF(OR($H15="",$M15=""),"",IF($N15="Completed","Completed",IF(TODAY()>$M15,"Overdue",IF(TODAY()+14>$M15,"Due soon","On track")))) | Q15: =IF(OR($B15="",$C15=""),"",IFERROR(INDEX(INDIRECT("'"&INDEX(Lists!$O$6:$O$55,MATCH($B15,Lists!$F$6:$F$55,0))&"'!$R$6:$R$179"),MATCH($C15&"",INDIRECT("'"&INDEX(Lists!$O$6:$O$55,MATCH($B15,Lists!$F$6:$F$55,0))&"'!$A$6:$A$179"),0))&"","Check entity and requirement number"))
A16: =IF($H16="","","AP-"&TEXT(ROW()-5,"000")) | D16: =IF(OR($B16="",$C16=""),"",IFERROR(INDEX(INDIRECT("'"&INDEX(Lists!$O$6:$O$55,MATCH($B16,Lists!$F$6:$F$55,0))&"'!$B$6:$B$179"),MATCH($C16&"",INDIRECT("'"&INDEX(Lists!$O$6:$O$55,MATCH($B16,Lists!$F$6:$F$55,0))&"'!$A$6:$A$179"),0))&"","Check entity and requirement number")) | E16: =IF(OR($B16="",$C16=""),"",IFERROR(INDEX(INDIRECT("'"&INDEX(Lists!$O$6:$O$55,MATCH($B16,Lists!$F$6:$F$55,0))&"'!$C$6:$C$179"),MATCH($C16&"",INDIRECT("'"&INDEX(Lists!$O$6:$O$55,MATCH($B16,Lists!$F$6:$F$55,0))&"'!$A$6:$A$179"),0))&"","Check entity and requirement number")) | F16: =IF(OR($B16="",$C16=""),"",IFERROR(INDEX(INDIRECT("'"&INDEX(Lists!$O$6:$O$55,MATCH($B16,Lists!$F$6:$F$55,0))&"'!$D$6:$D$179"),MATCH($C16&"",INDIRECT("'"&INDEX(Lists!$O$6:$O$55,MATCH($B16,Lists!$F$6:$F$55,0))&"'!$A$6:$A$179"),0))&"","Check entity and requirement number")) | G16: =IF(OR($B16="",$C16=""),"",IFERROR(INDEX(INDIRECT("'"&INDEX(Lists!$O$6:$O$55,MATCH($B16,Lists!$F$6:$F$55,0))&"'!$P$6:$P$179"),MATCH($C16&"",INDIRECT("'"&INDEX(Lists!$O$6:$O$55,MATCH($B16,Lists!$F$6:$F$55,0))&"'!$A$6:$A$179"),0))&"","Check entity and requirement number")) | O16: =IF(OR($H16="",$M16=""),"",IF($N16="Completed","Completed",IF(TODAY()>$M16,"Overdue",IF(TODAY()+14>$M16,"Due soon","On track")))) | Q16: =IF(OR($B16="",$C16=""),"",IFERROR(INDEX(INDIRECT("'"&INDEX(Lists!$O$6:$O$55,MATCH($B16,Lists!$F$6:$F$55,0))&"'!$R$6:$R$179"),MATCH($C16&"",INDIRECT("'"&INDEX(Lists!$O$6:$O$55,MATCH($B16,Lists!$F$6:$F$55,0))&"'!$A$6:$A$179"),0))&"","Check entity and requirement number"))
A17: =IF($H17="","","AP-"&TEXT(ROW()-5,"000")) | D17: =IF(OR($B17="",$C17=""),"",IFERROR(INDEX(INDIRECT("'"&INDEX(Lists!$O$6:$O$55,MATCH($B17,Lists!$F$6:$F$55,0))&"'!$B$6:$B$179"),MATCH($C17&"",INDIRECT("'"&INDEX(Lists!$O$6:$O$55,MATCH($B17,Lists!$F$6:$F$55,0))&"'!$A$6:$A$179"),0))&"","Check entity and requirement number")) | E17: =IF(OR($B17="",$C17=""),"",IFERROR(INDEX(INDIRECT("'"&INDEX(Lists!$O$6:$O$55,MATCH($B17,Lists!$F$6:$F$55,0))&"'!$C$6:$C$179"),MATCH($C17&"",INDIRECT("'"&INDEX(Lists!$O$6:$O$55,MATCH($B17,Lists!$F$6:$F$55,0))&"'!$A$6:$A$179"),0))&"","Check entity and requirement number")) | F17: =IF(OR($B17="",$C17=""),"",IFERROR(INDEX(INDIRECT("'"&INDEX(Lists!$O$6:$O$55,MATCH($B17,Lists!$F$6:$F$55,0))&"'!$D$6:$D$179"),MATCH($C17&"",INDIRECT("'"&INDEX(Lists!$O$6:$O$55,MATCH($B17,Lists!$F$6:$F$55,0))&"'!$A$6:$A$179"),0))&"","Check entity and requirement number")) | G17: =IF(OR($B17="",$C17=""),"",IFERROR(INDEX(INDIRECT("'"&INDEX(Lists!$O$6:$O$55,MATCH($B17,Lists!$F$6:$F$55,0))&"'!$P$6:$P$179"),MATCH($C17&"",INDIRECT("'"&INDEX(Lists!$O$6:$O$55,MATCH($B17,Lists!$F$6:$F$55,0))&"'!$A$6:$A$179"),0))&"","Check entity and requirement number")) | O17: =IF(OR($H17="",$M17=""),"",IF($N17="Completed","Completed",IF(TODAY()>$M17,"Overdue",IF(TODAY()+14>$M17,"Due soon","On track")))) | Q17: =IF(OR($B17="",$C17=""),"",IFERROR(INDEX(INDIRECT("'"&INDEX(Lists!$O$6:$O$55,MATCH($B17,Lists!$F$6:$F$55,0))&"'!$R$6:$R$179"),MATCH($C17&"",INDIRECT("'"&INDEX(Lists!$O$6:$O$55,MATCH($B17,Lists!$F$6:$F$55,0))&"'!$A$6:$A$179"),0))&"","Check entity and requirement number"))
... A205: =IF($H205="","","AP-"&TEXT(ROW()-5,"000")) | D205: =IF(OR($B205="",$C205=""),"",IFERROR(INDEX(INDIRECT("'"&INDEX(Lists!$O$6:$O$55,MATCH($B205,Lists!$F$6:$F$55,0))&"'!$B$6:$B$179"),MATCH($C205&"",INDIRECT("'"&INDEX(Lists!$O$6:$O$55,MATCH($B205,Lists!$F$6:$F$55,0))&"'!$A$6:$A$179"),0))&"","Check entity and requirement number")) | E205: =IF(OR($B205="",$C205=""),"",IFERROR(INDEX(INDIRECT("'"&INDEX(Lists!$O$6:$O$55,MATCH($B205,Lists!$F$6:$F$55,0))&"'!$C$6:$C$179"),MATCH($C205&"",INDIRECT("'"&INDEX(Lists!$O$6:$O$55,MATCH($B205,Lists!$F$6:$F$55,0))&"'!$A$6:$A$179"),0))&"","Check entity and requirement number")) | F205: =IF(OR($B205="",$C205=""),"",IFERROR(INDEX(INDIRECT("'"&INDEX(Lists!$O$6:$O$55,MATCH($B205,Lists!$F$6:$F$55,0))&"'!$D$6:$D$179"),MATCH($C205&"",INDIRECT("'"&INDEX(Lists!$O$6:$O$55,MATCH($B205,Lists!$F$6:$F$55,0))&"'!$A$6:$A$179"),0))&"","Check entity and requirement number")) | G205: =IF(OR($B205="",$C205=""),"",IFERROR(INDEX(INDIRECT("'"&INDEX(Lists!$O$6:$O$55,MATCH($B205,Lists!$F$6:$F$55,0))&"'!$P$6:$P$179"),MATCH($C205&"",INDIRECT("'"&INDEX(Lists!$O$6:$O$55,MATCH($B205,Lists!$F$6:$F$55,0))&"'!$A$6:$A$179"),0))&"","Check entity and requirement number")) | O205: =IF(OR($H205="",$M205=""),"",IF($N205="Completed","Completed",IF(TODAY()>$M205,"Overdue",IF(TODAY()+14>$M205,"Due soon","On track")))) | Q205: =IF(OR($B205="",$C205=""),"",IFERROR(INDEX(INDIRECT("'"&INDEX(Lists!$O$6:$O$55,MATCH($B205,Lists!$F$6:$F$55,0))&"'!$R$6:$R$179"),MATCH($C205&"",INDIRECT("'"&INDEX(Lists!$O$6:$O$55,MATCH($B205,Lists!$F$6:$F$55,0))&"'!$A$6:$A$179"),0))&"","Check entity and requirement number"))

Sheet Instructions
A1: NIS2 GAP Analysis
A2: Instructions
A3: Reference sheet. It contains no assessment data.
A5: Purpose and Scope
A6: Topic | B6: Description
A7: Purpose | B7: Identify gaps against the technical and methodological requirements of Article 21(2) NIS2 and convert them into manageable work packages across the in-scope legal entities of the group.
A8: Requirement source | B8: The 161 requirements in chapters 1 to 13 are taken verbatim from the Annex to Commission Implementing Regulation (EU) 2024/2690 of 17 October 2024.
A9: Legal status of that source | B9: That Implementing Regulation is binding only on the digital service providers listed in its Article 1. It does not apply directly to this group. It is used here as the only concretised Commission benchmark for Article 21(2) NIS2 and, by extension, for § 30 BSIG. Treat it as an applied benchmark, not as a self-imposed legal obligation.
A10: National additions | B10: Chapters 14 to 17 cover obligations that the Implementing Regulation does not address: incident reporting under § 32 BSIG, registration under § 33 BSIG, management responsibility under § 38 BSIG, and OT / major accident aspects.
A11: Status | B11: An initial working assessment, not a full legal audit or certification checklist.
A12: Central IT | B12: IT operations of the subsidiaries are often managed centrally by HQ. Set Scope to "Central at HQ" on the entity sheets where a control is operated by HQ; the row is then excluded from that entity's coverage and score.
A13: Interview start | B13: Record entity, country, activity or sector, NIS2 classification, competent authority or CSIRT, assessment date and respondents before starting.
A16: How to Use the Workbook
A17: Topic | B17: Description
A18: Dashboard | B18: Read-only overview: coverage per entity, score and gap to target per chapter, answer distribution, action-plan status, three charts.
A19: Requirements / entity sheets | B19: Requirements is the catalogue of all 174 requirements. An export adds one assessment sheet per legal entity, named by its entity code, with the same 174 requirements so the entities stay comparable. The tab codes are short keys; the full names are kept in the application and shown in column F of the Lists sheet.
A20: Action Plan | B20: Consolidated work packages. Entity plus requirement number pulls chapter, section, requirement text and the identified gap from the assessment sheet.
A21: Lists | B21: Master data behind every drop-down and the scoring model.
A22: Core column | B22: A filter view on the same rows, not a second question set. The 62 marked rows are the first requirement of each section plus the national chapters. Use them as the interview opening for a section, or as the minimum set to complete if a session runs out of time. They do not summarise their section, so a Core-only pass is an impression, not a valid section score. The assessment is carried out over all 174 rows in one pass.
A25: Assessment Fields
A26: Topic | B26: Description
A27: Scope (In Scope / Central at HQ / Not Applicable) | B27: Decide this first. Anything other than "In Scope" removes the row from coverage, scoring and the work-package logic. Record the reason in Evidence / Source.
A28: Implemented (Yes / Partial / No / N/A) | B28: Assess actual operational practice, regardless of whether it is formally documented.
A29: Documented (Yes / Partial / No / N/A) | B29: Assess whether the practice is recorded sufficiently in a policy, procedure, checklist, ticket workflow or other usable form.
A30: Effectiveness (Effective / Partial / Not Tested / Ineffective / N/A) | B30: Use available tests, incidents, reports, samples, interviews or observed practice.
A31: Evidence / Source | B31: Document or link, ticket, system output, report, interview, observed practice, test result, or the reason for a scope exclusion.
A32: Gap Description | B32: Describe the specific operational, documentation or effectiveness gap.
A33: Responsible | B33: Drop-down fed from column S of the Lists sheet. It ships with role names; replace them with the actual names of the people responsible, or use a mix. Add new entries at the end of column S and extend the RespList named range.
A34: Recommended Action / Work Package | B34: Define the smallest practical action that closes or materially reduces the gap.
A35: Check Points | B35: The lettered sub-items of the requirement, quoted from the Annex. They are prompts for the interview, not separate rows to be scored.
A38: Calculated Columns
A39: Topic | B39: Description
A40: Score | B40: Average of the answers given in Implemented, Documented and Effectiveness. Yes and Effective count as 100 per cent, Partial as 50, Not Tested as 25, No and Ineffective as 0. N/A answers are excluded. Blank if the row is out of scope.
A41: Work Package Required | B41: Yes where implementation or documentation is No or Partial, or where effectiveness is Partial, Not Tested or Ineffective.
A42: Finding ID | B42: Generated for every requirement that needs a work package, using the entity's finding prefix and the requirement number.
A43: Target (Dashboard) | B43: Planning assumption per chapter for the first assessment round, set by the ISB and editable. 75 per cent for chapters 1 to 13 and 17, 100 per cent for chapters 14 to 16. Drives the radar chart and the gap column.
A44: Why 75 per cent | B44: 75 per cent is the score of a requirement that is implemented and documented but whose effectiveness has not yet been tested. It is therefore the lowest defensible target: it demands that the measure exists and is documented as required by § 30 Abs. 1 Satz 3 BSIG, while deliberately deferring effectiveness testing to the second round. Anything lower would define missing implementation or missing documentation as the goal. The target applies to the chapter average, not to every single requirement, so a chapter can reach it with a mix of fully and partially satisfied requirements.
A45: Why 100 per cent for chapters 14 to 16 | B45: Incident reporting, registration and management duties are binary, carry direct penalties and can be established within weeks. For these three chapters the governing indicator is Work Packages = 0 in the chapter table, not the percentage.
A46: Second round | B46: Raise the 75 per cent chapters once effectiveness testing is running, capped at 95 per cent. Record the date and the reason for each change so the progression stays auditable.
A47: Gap to Target | B47: Target minus group average, floored at zero. The chapters at the top of the gap chart are the ones to work on first.
A48: Due Status (Action Plan) | B48: Overdue, Due soon (within 14 days), On track or Completed, derived from the target date and the status.
A49: Assessment Owner (Action Plan) | B49: Read-only. Shows the Responsible entry recorded on the assessment sheet for that requirement, that is the person who owns the finding on the entity side and to whom completion of the finding is reported. It is not automatically the work-package owner: that owner is assigned when the portfolio is approved, and one work package may bundle findings from several entities. Enter the work-package owner in column L and leave this column as the reporting counterpart.
A52: Editing Rules
A53: Topic | B53: Description
A54: White cells | B54: Input cells. Enter or change values here.
A55: Shaded reference columns | B55: Requirement number, chapter, section, requirement text, check points, legal reference, ISO reference and the core flag are locked so the requirement set stays identical between entities.
A56: Calculated columns | B56: Score, Work Package Required, Finding ID, Due Status and everything on the Dashboard are formulas and locked.
A57: Sheet protection | B57: Applied without a password. Review > Unprotect Sheet if a formula or a requirement has to be changed.
A58: ISO reference | B58: A supporting cross-reference only, taken from the NIS2 / ISO 27001:2022 mapping table. Numbers without the A prefix are management-system clauses, numbers with A are Annex A controls.
A59: New picklist values | B59: Add the value at the end of the column on the Lists sheet, then extend the named range under Formulas > Name Manager.
A60: Entity names | B60: Maintained in the application and written to the Lists sheet by the export, one row per entity starting at row 6. Column F is the display name shown on the Dashboard, in the title of each assessment sheet and in the Action Plan drop-down. Column P is the Finding ID prefix. Column O holds the tab name and must match the actual sheet tab; if you rename a tab, update column O and the check in column Q switches back to OK.
